n_networks,train_params.max_time,train_params.ndistmax,train_params.npoints,train_params.min_exch,train_params.max_exch,train_params.min_bdim,train_params.max_bdim,train_params.min_fwhm,train_params.max_fwhm,train_params.min_mdep,train_params.max_mdep,train_params.noise_lvl,train_params.min_brate,train_params.max_brate,mdpths_av,mdpths_st,rownumber,resamp_axis,backgs_av,backgs_lb,backgs_ub,retros_av,retros_lb,retros_ub
32,0.000002,3,512,0,0,2,3.5,0.05,0.5,0.01,1,0.05,0,500000,0.36479,0.0058496,0,0,0.62567,0.6126,0.63873,0.98497,0.97419,0.99576
32,0.000002,3,512,0,0,2,3.5,0.05,0.5,0.01,1,0.05,0,500000,0.36479,0.0058496,1,1.0395E-08,0.62396,0.61172,0.63619,0.98156,0.97176,0.99135
32,0.000002,3,512,0,0,2,3.5,0.05,0.5,0.01,1,0.05,0,500000,0.36479,0.0058496,2,2.0791E-08,0.62294,0.61114,0.63474,0.97818,0.96947,0.98689
32,0.000002,3,512,0,0,2,3.5,0.05,0.5,0.01,1,0.05,0,500000,0.36479,0.0058496,3,3.1186E-08,0.62209,0.61064,0.63354,0.97446,0.96689,0.98202
32,0.000002,3,512,0,0,2,3.5,0.05,0.5,0.01,1,0.05,0,500000,0.36479,0.0058496,4,4.1581E-08,0.62132,0.61017,0.63247,0.97041,0.964,0.97683
32,0.000002,3,512,0,0,2,3.5,0.05,0.5,0.01,1,0.05,0,500000,0.36479,0.0058496,5,5.1977E-08,0.62062,0.60974,0.6315,0.96605,0.96072,0.97138
32,0.000002,3,512,0,0,2,3.5,0.05,0.5,0.01,1,0.05,0,500000,0.36479,0.0058496,6,6.2372E-08,0.61996,0.60932,0.6306,0.96135,0.95698,0.96571
32,0.000002,3,512,0,0,2,3.5,0.05,0.5,0.01,1,0.05,0,500000,0.36479,0.0058496,7,7.2767E-08,0.61934,0.60893,0.62975,0.95633,0.95277,0.9599
32,0.000002,3,512,0,0,2,3.5,0.05,0.5,0.01,1,0.05,0,500000,0.36479,0.0058496,8,8.3162E-08,0.61875,0.60854,0.62895,0.95104,0.94809,0.95399
32,0.000002,3,512,0,0,2,3.5,0.05,0.5,0.01,1,0.05,0,500000,0.36479,0.0058496,9,9.3558E-08,0.61818,0.60817,0.62818,0.94546,0.9429,0.94802
32,0.000002,3,512,0,0,2,3.5,0.05,0.5,0.01,1,0.05,0,500000,0.36479,0.0058496,10,1.0395E-07,0.61763,0.60781,0.62744,0.9396,0.93719,0.94201
32,0.000002,3,512,0,0,2,3.5,0.05,0.5,0.01,1,0.05,0,500000,0.36479,0.0058496,11,1.1435E-07,0.61709,0.60746,0.62673,0.93346,0.93102,0.9359
32,0.000002,3,512,0,0,2,3.5,0.05,0.5,0.01,1,0.05,0,500000,0.36479,0.0058496,12,1.2474E-07,0.61658,0.60711,0.62605,0.92707,0.9245,0.92963
32,0.000002,3,512,0,0,2,3.5,0.05,0.5,0.01,1,0.05,0,500000,0.36479,0.0058496,13,1.3514E-07,0.61608,0.60677,0.62538,0.92041,0.91769,0.92313
32,0.000002,3,512,0,0,2,3.5,0.05,0.5,0.01,1,0.05,0,500000,0.36479,0.0058496,14,1.4553E-07,0.61559,0.60644,0.62474,0.9135,0.91062,0.91639
32,0.000002,3,512,0,0,2,3.5,0.05,0.5,0.01,1,0.05,0,500000,0.36479,0.0058496,15,1.5593E-07,0.61511,0.60611,0.62411,0.90635,0.90331,0.90939
32,0.000002,3,512,0,0,2,3.5,0.05,0.5,0.01,1,0.05,0,500000,0.36479,0.0058496,16,1.6632E-07,0.61464,0.60579,0.6235,0.89897,0.89579,0.90215
32,0.000002,3,512,0,0,2,3.5,0.05,0.5,0.01,1,0.05,0,500000,0.36479,0.0058496,17,1.7672E-07,0.61419,0.60547,0.6229,0.89137,0.88806,0.89468
32,0.000002,3,512,0,0,2,3.5,0.05,0.5,0.01,1,0.05,0,500000,0.36479,0.0058496,18,1.8712E-07,0.61374,0.60516,0.62232,0.88357,0.88015,0.88698
32,0.000002,3,512,0,0,2,3.5,0.05,0.5,0.01,1,0.05,0,500000,0.36479,0.0058496,19,1.9751E-07,0.6133,0.60485,0.62175,0.87557,0.87205,0.8791
32,0.000002,3,512,0,0,2,3.5,0.05,0.5,0.01,1,0.05,0,500000,0.36479,0.0058496,20,2.0791E-07,0.61286,0.60454,0.62119,0.86742,0.8638,0.87104
32,0.000002,3,512,0,0,2,3.5,0.05,0.5,0.01,1,0.05,0,500000,0.36479,0.0058496,21,2.183E-07,0.61244,0.60424,0.62064,0.85912,0.85541,0.86282
32,0.000002,3,512,0,0,2,3.5,0.05,0.5,0.01,1,0.05,0,500000,0.36479,0.0058496,22,2.287E-07,0.61202,0.60394,0.6201,0.85067,0.8469,0.85445
32,0.000002,3,512,0,0,2,3.5,0.05,0.5,0.01,1,0.05,0,500000,0.36479,0.0058496,23,2.3909E-07,0.61161,0.60365,0.61957,0.84212,0.83829,0.84596
32,0.000002,3,512,0,0,2,3.5,0.05,0.5,0.01,1,0.05,0,500000,0.36479,0.0058496,24,2.4949E-07,0.6112,0.60336,0.61905,0.83348,0.82959,0.83738
32,0.000002,3,512,0,0,2,3.5,0.05,0.5,0.01,1,0.05,0,500000,0.36479,0.0058496,25,2.5988E-07,0.6108,0.60307,0.61854,0.82478,0.82083,0.82872
32,0.000002,3,512,0,0,2,3.5,0.05,0.5,0.01,1,0.05,0,500000,0.36479,0.0058496,26,2.7028E-07,0.61041,0.60278,0.61803,0.81602,0.81202,0.82001
32,0.000002,3,512,0,0,2,3.5,0.05,0.5,0.01,1,0.05,0,500000,0.36479,0.0058496,27,2.8067E-07,0.61001,0.60249,0.61754,0.80723,0.80319,0.81127
32,0.000002,3,512,0,0,2,3.5,0.05,0.5,0.01,1,0.05,0,500000,0.36479,0.0058496,28,2.9107E-07,0.60963,0.60221,0.61705,0.79843,0.79434,0.80252
32,0.000002,3,512,0,0,2,3.5,0.05,0.5,0.01,1,0.05,0,500000,0.36479,0.0058496,29,3.0146E-07,0.60925,0.60193,0.61657,0.78964,0.78549,0.79379
32,0.000002,3,512,0,0,2,3.5,0.05,0.5,0.01,1,0.05,0,500000,0.36479,0.0058496,30,3.1186E-07,0.60887,0.60165,0.61609,0.78088,0.77667,0.7851
32,0.000002,3,512,0,0,2,3.5,0.05,0.5,0.01,1,0.05,0,500000,0.36479,0.0058496,31,3.2225E-07,0.6085,0.60138,0.61562,0.77217,0.76788,0.77647
32,0.000002,3,512,0,0,2,3.5,0.05,0.5,0.01,1,0.05,0,500000,0.36479,0.0058496,32,3.3265E-07,0.60813,0.6011,0.61516,0.76352,0.75914,0.76791
32,0.000002,3,512,0,0,2,3.5,0.05,0.5,0.01,1,0.05,0,500000,0.36479,0.0058496,33,3.4305E-07,0.60777,0.60083,0.6147,0.75496,0.75047,0.75944
32,0.000002,3,512,0,0,2,3.5,0.05,0.5,0.01,1,0.05,0,500000,0.36479,0.0058496,34,3.5344E-07,0.60741,0.60056,0.61425,0.74648,0.74189,0.75107
32,0.000002,3,512,0,0,2,3.5,0.05,0.5,0.01,1,0.05,0,500000,0.36479,0.0058496,35,3.6384E-07,0.60705,0.60029,0.6138,0.73812,0.73342,0.74281
32,0.000002,3,512,0,0,2,3.5,0.05,0.5,0.01,1,0.05,0,500000,0.36479,0.0058496,36,3.7423E-07,0.6067,0.60003,0.61336,0.72988,0.72507,0.73468
32,0.000002,3,512,0,0,2,3.5,0.05,0.5,0.01,1,0.05,0,500000,0.36479,0.0058496,37,3.8463E-07,0.60634,0.59976,0.61293,0.72177,0.71686,0.72668
32,0.000002,3,512,0,0,2,3.5,0.05,0.5,0.01,1,0.05,0,500000,0.36479,0.0058496,38,3.9502E-07,0.606,0.5995,0.6125,0.71381,0.7088,0.71882
32,0.000002,3,512,0,0,2,3.5,0.05,0.5,0.01,1,0.05,0,500000,0.36479,0.0058496,39,4.0542E-07,0.60565,0.59924,0.61207,0.70602,0.70091,0.71112
32,0.000002,3,512,0,0,2,3.5,0.05,0.5,0.01,1,0.05,0,500000,0.36479,0.0058496,40,4.1581E-07,0.60531,0.59898,0.61165,0.69839,0.69319,0.70359
32,0.000002,3,512,0,0,2,3.5,0.05,0.5,0.01,1,0.05,0,500000,0.36479,0.0058496,41,4.2621E-07,0.60497,0.59872,0.61123,0.69095,0.68567,0.69623
32,0.000002,3,512,0,0,2,3.5,0.05,0.5,0.01,1,0.05,0,500000,0.36479,0.0058496,42,4.366E-07,0.60464,0.59846,0.61082,0.68369,0.67833,0.68906
32,0.000002,3,512,0,0,2,3.5,0.05,0.5,0.01,1,0.05,0,500000,0.36479,0.0058496,43,0.000000447,0.60431,0.59821,0.61041,0.67663,0.6712,0.68207
32,0.000002,3,512,0,0,2,3.5,0.05,0.5,0.01,1,0.05,0,500000,0.36479,0.0058496,44,4.5739E-07,0.60398,0.59795,0.61,0.66978,0.66428,0.67527
32,0.000002,3,512,0,0,2,3.5,0.05,0.5,0.01,1,0.05,0,500000,0.36479,0.0058496,45,4.6779E-07,0.60365,0.5977,0.6096,0.66313,0.65758,0.66867
32,0.000002,3,512,0,0,2,3.5,0.05,0.5,0.01,1,0.05,0,500000,0.36479,0.0058496,46,4.7818E-07,0.60332,0.59744,0.6092,0.65669,0.6511,0.66227
32,0.000002,3,512,0,0,2,3.5,0.05,0.5,0.01,1,0.05,0,500000,0.36479,0.0058496,47,4.8858E-07,0.603,0.59719,0.60881,0.65046,0.64485,0.65607
32,0.000002,3,512,0,0,2,3.5,0.05,0.5,0.01,1,0.05,0,500000,0.36479,0.0058496,48,4.9897E-07,0.60268,0.59694,0.60842,0.64444,0.63882,0.65007
32,0.000002,3,512,0,0,2,3.5,0.05,0.5,0.01,1,0.05,0,500000,0.36479,0.0058496,49,5.0937E-07,0.60236,0.5967,0.60803,0.63864,0.63302,0.64427
32,0.000002,3,512,0,0,2,3.5,0.05,0.5,0.01,1,0.05,0,500000,0.36479,0.0058496,50,5.1977E-07,0.60205,0.59645,0.60765,0.63306,0.62745,0.63867
32,0.000002,3,512,0,0,2,3.5,0.05,0.5,0.01,1,0.05,0,500000,0.36479,0.0058496,51,5.3016E-07,0.60173,0.5962,0.60727,0.62769,0.6221,0.63327
32,0.000002,3,512,0,0,2,3.5,0.05,0.5,0.01,1,0.05,0,500000,0.36479,0.0058496,52,5.4056E-07,0.60142,0.59596,0.60689,0.62253,0.61697,0.62808
32,0.000002,3,512,0,0,2,3.5,0.05,0.5,0.01,1,0.05,0,500000,0.36479,0.0058496,53,5.5095E-07,0.60111,0.59571,0.60651,0.61758,0.61206,0.62309
32,0.000002,3,512,0,0,2,3.5,0.05,0.5,0.01,1,0.05,0,500000,0.36479,0.0058496,54,5.6135E-07,0.60081,0.59547,0.60614,0.61283,0.60737,0.6183
32,0.000002,3,512,0,0,2,3.5,0.05,0.5,0.01,1,0.05,0,500000,0.36479,0.0058496,55,5.7174E-07,0.6005,0.59523,0.60577,0.60829,0.60289,0.6137
32,0.000002,3,512,0,0,2,3.5,0.05,0.5,0.01,1,0.05,0,500000,0.36479,0.0058496,56,5.8214E-07,0.6002,0.59498,0.60541,0.60395,0.59862,0.60929
32,0.000002,3,512,0,0,2,3.5,0.05,0.5,0.01,1,0.05,0,500000,0.36479,0.0058496,57,5.9253E-07,0.5999,0.59474,0.60505,0.59981,0.59455,0.60507
32,0.000002,3,512,0,0,2,3.5,0.05,0.5,0.01,1,0.05,0,500000,0.36479,0.0058496,58,6.0293E-07,0.5996,0.5945,0.60469,0.59585,0.59067,0.60103
32,0.000002,3,512,0,0,2,3.5,0.05,0.5,0.01,1,0.05,0,500000,0.36479,0.0058496,59,6.1332E-07,0.5993,0.59427,0.60433,0.59208,0.58698,0.59717
32,0.000002,3,512,0,0,2,3.5,0.05,0.5,0.01,1,0.05,0,500000,0.36479,0.0058496,60,6.2372E-07,0.599,0.59403,0.60397,0.58848,0.58348,0.59348
32,0.000002,3,512,0,0,2,3.5,0.05,0.5,0.01,1,0.05,0,500000,0.36479,0.0058496,61,6.3411E-07,0.59871,0.59379,0.60362,0.58506,0.58016,0.58997
32,0.000002,3,512,0,0,2,3.5,0.05,0.5,0.01,1,0.05,0,500000,0.36479,0.0058496,62,6.4451E-07,0.59841,0.59356,0.60327,0.58181,0.577,0.58662
32,0.000002,3,512,0,0,2,3.5,0.05,0.5,0.01,1,0.05,0,500000,0.36479,0.0058496,63,6.549E-07,0.59812,0.59332,0.60292,0.57872,0.57401,0.58344
32,0.000002,3,512,0,0,2,3.5,0.05,0.5,0.01,1,0.05,0,500000,0.36479,0.0058496,64,6.653E-07,0.59783,0.59309,0.60258,0.5758,0.57118,0.58042
32,0.000002,3,512,0,0,2,3.5,0.05,0.5,0.01,1,0.05,0,500000,0.36479,0.0058496,65,6.7569E-07,0.59754,0.59285,0.60224,0.57302,0.56849,0.57754
32,0.000002,3,512,0,0,2,3.5,0.05,0.5,0.01,1,0.05,0,500000,0.36479,0.0058496,66,6.8609E-07,0.59726,0.59262,0.6019,0.57039,0.56596,0.57482
32,0.000002,3,512,0,0,2,3.5,0.05,0.5,0.01,1,0.05,0,500000,0.36479,0.0058496,67,6.9649E-07,0.59697,0.59239,0.60156,0.5679,0.56357,0.57223
32,0.000002,3,512,0,0,2,3.5,0.05,0.5,0.01,1,0.05,0,500000,0.36479,0.0058496,68,7.0688E-07,0.59669,0.59216,0.60122,0.56554,0.56131,0.56978
32,0.000002,3,512,0,0,2,3.5,0.05,0.5,0.01,1,0.05,0,500000,0.36479,0.0058496,69,7.1728E-07,0.59641,0.59193,0.60089,0.56332,0.55918,0.56746
32,0.000002,3,512,0,0,2,3.5,0.05,0.5,0.01,1,0.05,0,500000,0.36479,0.0058496,70,7.2767E-07,0.59613,0.5917,0.60056,0.56122,0.55717,0.56526
32,0.000002,3,512,0,0,2,3.5,0.05,0.5,0.01,1,0.05,0,500000,0.36479,0.0058496,71,7.3807E-07,0.59585,0.59147,0.60023,0.55924,0.55529,0.56319
32,0.000002,3,512,0,0,2,3.5,0.05,0.5,0.01,1,0.05,0,500000,0.36479,0.0058496,72,7.4846E-07,0.59557,0.59124,0.5999,0.55737,0.55352,0.56123
32,0.000002,3,512,0,0,2,3.5,0.05,0.5,0.01,1,0.05,0,500000,0.36479,0.0058496,73,7.5886E-07,0.59529,0.59101,0.59957,0.55562,0.55186,0.55938
32,0.000002,3,512,0,0,2,3.5,0.05,0.5,0.01,1,0.05,0,500000,0.36479,0.0058496,74,7.6925E-07,0.59502,0.59078,0.59925,0.55397,0.5503,0.55764
32,0.000002,3,512,0,0,2,3.5,0.05,0.5,0.01,1,0.05,0,500000,0.36479,0.0058496,75,7.7965E-07,0.59474,0.59056,0.59893,0.55243,0.54884,0.55601
32,0.000002,3,512,0,0,2,3.5,0.05,0.5,0.01,1,0.05,0,500000,0.36479,0.0058496,76,7.9004E-07,0.59447,0.59033,0.59861,0.55098,0.54749,0.55448
32,0.000002,3,512,0,0,2,3.5,0.05,0.5,0.01,1,0.05,0,500000,0.36479,0.0058496,77,8.0044E-07,0.5942,0.59011,0.59829,0.54964,0.54623,0.55304
32,0.000002,3,512,0,0,2,3.5,0.05,0.5,0.01,1,0.05,0,500000,0.36479,0.0058496,78,8.1083E-07,0.59393,0.58988,0.59798,0.54838,0.54506,0.5517
32,0.000002,3,512,0,0,2,3.5,0.05,0.5,0.01,1,0.05,0,500000,0.36479,0.0058496,79,8.2123E-07,0.59366,0.58966,0.59766,0.54722,0.54398,0.55046
32,0.000002,3,512,0,0,2,3.5,0.05,0.5,0.01,1,0.05,0,500000,0.36479,0.0058496,80,8.3162E-07,0.59339,0.58944,0.59735,0.54615,0.54299,0.54931
32,0.000002,3,512,0,0,2,3.5,0.05,0.5,0.01,1,0.05,0,500000,0.36479,0.0058496,81,8.4202E-07,0.59313,0.58921,0.59704,0.54517,0.54209,0.54824
32,0.000002,3,512,0,0,2,3.5,0.05,0.5,0.01,1,0.05,0,500000,0.36479,0.0058496,82,8.5241E-07,0.59286,0.58899,0.59673,0.54427,0.54127,0.54727
32,0.000002,3,512,0,0,2,3.5,0.05,0.5,0.01,1,0.05,0,500000,0.36479,0.0058496,83,8.6281E-07,0.5926,0.58877,0.59642,0.54346,0.54054,0.54638
32,0.000002,3,512,0,0,2,3.5,0.05,0.5,0.01,1,0.05,0,500000,0.36479,0.0058496,84,8.7321E-07,0.59233,0.58855,0.59612,0.54273,0.53989,0.54557
32,0.000002,3,512,0,0,2,3.5,0.05,0.5,0.01,1,0.05,0,500000,0.36479,0.0058496,85,8.836E-07,0.59207,0.58833,0.59581,0.54209,0.53932,0.54485
32,0.000002,3,512,0,0,2,3.5,0.05,0.5,0.01,1,0.05,0,500000,0.36479,0.0058496,86,0.000000894,0.59181,0.58811,0.59551,0.54153,0.53883,0.54422
32,0.000002,3,512,0,0,2,3.5,0.05,0.5,0.01,1,0.05,0,500000,0.36479,0.0058496,87,9.0439E-07,0.59155,0.58789,0.59521,0.54105,0.53843,0.54367
32,0.000002,3,512,0,0,2,3.5,0.05,0.5,0.01,1,0.05,0,500000,0.36479,0.0058496,88,9.1479E-07,0.59129,0.58767,0.59491,0.54065,0.5381,0.5432
32,0.000002,3,512,0,0,2,3.5,0.05,0.5,0.01,1,0.05,0,500000,0.36479,0.0058496,89,9.2518E-07,0.59103,0.58745,0.59461,0.54033,0.53785,0.54282
32,0.000002,3,512,0,0,2,3.5,0.05,0.5,0.01,1,0.05,0,500000,0.36479,0.0058496,90,9.3558E-07,0.59078,0.58723,0.59432,0.5401,0.53767,0.54252
32,0.000002,3,512,0,0,2,3.5,0.05,0.5,0.01,1,0.05,0,500000,0.36479,0.0058496,91,9.4597E-07,0.59052,0.58702,0.59402,0.53994,0.53758,0.5423
32,0.000002,3,512,0,0,2,3.5,0.05,0.5,0.01,1,0.05,0,500000,0.36479,0.0058496,92,9.5637E-07,0.59026,0.5868,0.59373,0.53987,0.53757,0.54217
32,0.000002,3,512,0,0,2,3.5,0.05,0.5,0.01,1,0.05,0,500000,0.36479,0.0058496,93,9.6676E-07,0.59001,0.58658,0.59344,0.53987,0.53763,0.54212
32,0.000002,3,512,0,0,2,3.5,0.05,0.5,0.01,1,0.05,0,500000,0.36479,0.0058496,94,9.7716E-07,0.58976,0.58637,0.59315,0.53996,0.53777,0.54215
32,0.000002,3,512,0,0,2,3.5,0.05,0.5,0.01,1,0.05,0,500000,0.36479,0.0058496,95,9.8755E-07,0.58951,0.58615,0.59286,0.54012,0.53798,0.54226
32,0.000002,3,512,0,0,2,3.5,0.05,0.5,0.01,1,0.05,0,500000,0.36479,0.0058496,96,9.9795E-07,0.58926,0.58594,0.59257,0.54037,0.53827,0.54246
32,0.000002,3,512,0,0,2,3.5,0.05,0.5,0.01,1,0.05,0,500000,0.36479,0.0058496,97,1.0083E-06,0.58901,0.58573,0.59228,0.54069,0.53864,0.54274
32,0.000002,3,512,0,0,2,3.5,0.05,0.5,0.01,1,0.05,0,500000,0.36479,0.0058496,98,1.0187E-06,0.58876,0.58551,0.592,0.54109,0.53907,0.5431
32,0.000002,3,512,0,0,2,3.5,0.05,0.5,0.01,1,0.05,0,500000,0.36479,0.0058496,99,1.0291E-06,0.58851,0.5853,0.59172,0.54156,0.53958,0.54354
32,0.000002,3,512,0,0,2,3.5,0.05,0.5,0.01,1,0.05,0,500000,0.36479,0.0058496,100,1.0395E-06,0.58826,0.58509,0.59143,0.54211,0.54015,0.54407
32,0.000002,3,512,0,0,2,3.5,0.05,0.5,0.01,1,0.05,0,500000,0.36479,0.0058496,101,1.0499E-06,0.58801,0.58487,0.59115,0.54274,0.54079,0.54469
32,0.000002,3,512,0,0,2,3.5,0.05,0.5,0.01,1,0.05,0,500000,0.36479,0.0058496,102,1.0603E-06,0.58777,0.58466,0.59087,0.54343,0.54148,0.54538
32,0.000002,3,512,0,0,2,3.5,0.05,0.5,0.01,1,0.05,0,500000,0.36479,0.0058496,103,1.0707E-06,0.58752,0.58445,0.5906,0.5442,0.54224,0.54616
32,0.000002,3,512,0,0,2,3.5,0.05,0.5,0.01,1,0.05,0,500000,0.36479,0.0058496,104,1.0811E-06,0.58728,0.58424,0.59032,0.54504,0.54306,0.54701
32,0.000002,3,512,0,0,2,3.5,0.05,0.5,0.01,1,0.05,0,500000,0.36479,0.0058496,105,1.0915E-06,0.58704,0.58403,0.59004,0.54594,0.54392,0.54795
32,0.000002,3,512,0,0,2,3.5,0.05,0.5,0.01,1,0.05,0,500000,0.36479,0.0058496,106,1.1019E-06,0.58679,0.58382,0.58977,0.5469,0.54484,0.54896
32,0.000002,3,512,0,0,2,3.5,0.05,0.5,0.01,1,0.05,0,500000,0.36479,0.0058496,107,1.1123E-06,0.58655,0.58361,0.5895,0.54793,0.54581,0.55004
32,0.000002,3,512,0,0,2,3.5,0.05,0.5,0.01,1,0.05,0,500000,0.36479,0.0058496,108,1.1227E-06,0.58631,0.5834,0.58922,0.54901,0.54682,0.5512
32,0.000002,3,512,0,0,2,3.5,0.05,0.5,0.01,1,0.05,0,500000,0.36479,0.0058496,109,1.1331E-06,0.58607,0.58319,0.58895,0.55014,0.54787,0.55242
32,0.000002,3,512,0,0,2,3.5,0.05,0.5,0.01,1,0.05,0,500000,0.36479,0.0058496,110,1.1435E-06,0.58583,0.58298,0.58868,0.55133,0.54896,0.5537
32,0.000002,3,512,0,0,2,3.5,0.05,0.5,0.01,1,0.05,0,500000,0.36479,0.0058496,111,1.1539E-06,0.5856,0.58278,0.58842,0.55256,0.55009,0.55504
32,0.000002,3,512,0,0,2,3.5,0.05,0.5,0.01,1,0.05,0,500000,0.36479,0.0058496,112,1.1643E-06,0.58536,0.58257,0.58815,0.55384,0.55125,0.55643
32,0.000002,3,512,0,0,2,3.5,0.05,0.5,0.01,1,0.05,0,500000,0.36479,0.0058496,113,1.1747E-06,0.58512,0.58236,0.58788,0.55515,0.55244,0.55786
32,0.000002,3,512,0,0,2,3.5,0.05,0.5,0.01,1,0.05,0,500000,0.36479,0.0058496,114,1.1851E-06,0.58488,0.58215,0.58762,0.5565,0.55366,0.55934
32,0.000002,3,512,0,0,2,3.5,0.05,0.5,0.01,1,0.05,0,500000,0.36479,0.0058496,115,1.1955E-06,0.58465,0.58195,0.58735,0.55788,0.55491,0.56085
32,0.000002,3,512,0,0,2,3.5,0.05,0.5,0.01,1,0.05,0,500000,0.36479,0.0058496,116,1.2059E-06,0.58442,0.58174,0.58709,0.55929,0.55618,0.56239
32,0.000002,3,512,0,0,2,3.5,0.05,0.5,0.01,1,0.05,0,500000,0.36479,0.0058496,117,1.2163E-06,0.58418,0.58154,0.58683,0.56071,0.55746,0.56396
32,0.000002,3,512,0,0,2,3.5,0.05,0.5,0.01,1,0.05,0,500000,0.36479,0.0058496,118,1.2266E-06,0.58395,0.58133,0.58657,0.56215,0.55875,0.56554
32,0.000002,3,512,0,0,2,3.5,0.05,0.5,0.01,1,0.05,0,500000,0.36479,0.0058496,119,0.000001237,0.58372,0.58113,0.58631,0.5636,0.56006,0.56713
32,0.000002,3,512,0,0,2,3.5,0.05,0.5,0.01,1,0.05,0,500000,0.36479,0.0058496,120,1.2474E-06,0.58348,0.58092,0.58605,0.56505,0.56137,0.56873
32,0.000002,3,512,0,0,2,3.5,0.05,0.5,0.01,1,0.05,0,500000,0.36479,0.0058496,121,1.2578E-06,0.58325,0.58072,0.58579,0.56651,0.56269,0.57033
32,0.000002,3,512,0,0,2,3.5,0.05,0.5,0.01,1,0.05,0,500000,0.36479,0.0058496,122,1.2682E-06,0.58302,0.58051,0.58553,0.56796,0.56399,0.57192
32,0.000002,3,512,0,0,2,3.5,0.05,0.5,0.01,1,0.05,0,500000,0.36479,0.0058496,123,1.2786E-06,0.58279,0.58031,0.58528,0.5694,0.5653,0.5735
32,0.000002,3,512,0,0,2,3.5,0.05,0.5,0.01,1,0.05,0,500000,0.36479,0.0058496,124,0.000001289,0.58256,0.58011,0.58502,0.57083,0.5666,0.57506
32,0.000002,3,512,0,0,2,3.5,0.05,0.5,0.01,1,0.05,0,500000,0.36479,0.0058496,125,1.2994E-06,0.58234,0.5799,0.58477,0.57224,0.56787,0.5766
32,0.000002,3,512,0,0,2,3.5,0.05,0.5,0.01,1,0.05,0,500000,0.36479,0.0058496,126,1.3098E-06,0.58211,0.5797,0.58452,0.57362,0.56913,0.5781
32,0.000002,3,512,0,0,2,3.5,0.05,0.5,0.01,1,0.05,0,500000,0.36479,0.0058496,127,1.3202E-06,0.58188,0.5795,0.58427,0.57497,0.57037,0.57958
32,0.000002,3,512,0,0,2,3.5,0.05,0.5,0.01,1,0.05,0,500000,0.36479,0.0058496,128,1.3306E-06,0.58166,0.5793,0.58401,0.5763,0.57158,0.58102
32,0.000002,3,512,0,0,2,3.5,0.05,0.5,0.01,1,0.05,0,500000,0.36479,0.0058496,129,0.000001341,0.58143,0.5791,0.58376,0.57758,0.57275,0.58241
32,0.000002,3,512,0,0,2,3.5,0.05,0.5,0.01,1,0.05,0,500000,0.36479,0.0058496,130,1.3514E-06,0.58121,0.5789,0.58352,0.57882,0.57389,0.58375
32,0.000002,3,512,0,0,2,3.5,0.05,0.5,0.01,1,0.05,0,500000,0.36479,0.0058496,131,1.3618E-06,0.58098,0.57869,0.58327,0.58002,0.57499,0.58505
32,0.000002,3,512,0,0,2,3.5,0.05,0.5,0.01,1,0.05,0,500000,0.36479,0.0058496,132,1.3722E-06,0.58076,0.57849,0.58302,0.58117,0.57606,0.58629
32,0.000002,3,512,0,0,2,3.5,0.05,0.5,0.01,1,0.05,0,500000,0.36479,0.0058496,133,1.3826E-06,0.58053,0.57829,0.58277,0.58227,0.57707,0.58747
32,0.000002,3,512,0,0,2,3.5,0.05,0.5,0.01,1,0.05,0,500000,0.36479,0.0058496,134,0.000001393,0.58031,0.57809,0.58253,0.58331,0.57803,0.58859
32,0.000002,3,512,0,0,2,3.5,0.05,0.5,0.01,1,0.05,0,500000,0.36479,0.0058496,135,1.4034E-06,0.58009,0.5779,0.58228,0.5843,0.57895,0.58965
32,0.000002,3,512,0,0,2,3.5,0.05,0.5,0.01,1,0.05,0,500000,0.36479,0.0058496,136,1.4138E-06,0.57987,0.5777,0.58204,0.58523,0.57981,0.59064
32,0.000002,3,512,0,0,2,3.5,0.05,0.5,0.01,1,0.05,0,500000,0.36479,0.0058496,137,1.4242E-06,0.57965,0.5775,0.5818,0.58609,0.58062,0.59156
32,0.000002,3,512,0,0,2,3.5,0.05,0.5,0.01,1,0.05,0,500000,0.36479,0.0058496,138,1.4346E-06,0.57943,0.5773,0.58156,0.58689,0.58136,0.59241
32,0.000002,3,512,0,0,2,3.5,0.05,0.5,0.01,1,0.05,0,500000,0.36479,0.0058496,139,1.4449E-06,0.57921,0.5771,0.58132,0.58762,0.58206,0.59319
32,0.000002,3,512,0,0,2,3.5,0.05,0.5,0.01,1,0.05,0,500000,0.36479,0.0058496,140,1.4553E-06,0.57899,0.5769,0.58108,0.58829,0.58269,0.5939
32,0.000002,3,512,0,0,2,3.5,0.05,0.5,0.01,1,0.05,0,500000,0.36479,0.0058496,141,1.4657E-06,0.57877,0.57671,0.58084,0.5889,0.58327,0.59453
32,0.000002,3,512,0,0,2,3.5,0.05,0.5,0.01,1,0.05,0,500000,0.36479,0.0058496,142,1.4761E-06,0.57855,0.57651,0.5806,0.58943,0.58377,0.59508
32,0.000002,3,512,0,0,2,3.5,0.05,0.5,0.01,1,0.05,0,500000,0.36479,0.0058496,143,1.4865E-06,0.57834,0.57631,0.58036,0.58989,0.58422,0.59556
32,0.000002,3,512,0,0,2,3.5,0.05,0.5,0.01,1,0.05,0,500000,0.36479,0.0058496,144,1.4969E-06,0.57812,0.57612,0.58012,0.5903,0.58462,0.59597
32,0.000002,3,512,0,0,2,3.5,0.05,0.5,0.01,1,0.05,0,500000,0.36479,0.0058496,145,1.5073E-06,0.5779,0.57592,0.57989,0.59063,0.58495,0.59631
32,0.000002,3,512,0,0,2,3.5,0.05,0.5,0.01,1,0.05,0,500000,0.36479,0.0058496,146,1.5177E-06,0.57769,0.57572,0.57965,0.5909,0.58522,0.59657
32,0.000002,3,512,0,0,2,3.5,0.05,0.5,0.01,1,0.05,0,500000,0.36479,0.0058496,147,1.5281E-06,0.57747,0.57553,0.57942,0.5911,0.58543,0.59676
32,0.000002,3,512,0,0,2,3.5,0.05,0.5,0.01,1,0.05,0,500000,0.36479,0.0058496,148,1.5385E-06,0.57726,0.57533,0.57918,0.59124,0.58559,0.59689
32,0.000002,3,512,0,0,2,3.5,0.05,0.5,0.01,1,0.05,0,500000,0.36479,0.0058496,149,1.5489E-06,0.57704,0.57514,0.57895,0.59132,0.58569,0.59694
32,0.000002,3,512,0,0,2,3.5,0.05,0.5,0.01,1,0.05,0,500000,0.36479,0.0058496,150,1.5593E-06,0.57683,0.57494,0.57872,0.59133,0.58573,0.59693
32,0.000002,3,512,0,0,2,3.5,0.05,0.5,0.01,1,0.05,0,500000,0.36479,0.0058496,151,1.5697E-06,0.57662,0.57475,0.57849,0.59129,0.58572,0.59685
32,0.000002,3,512,0,0,2,3.5,0.05,0.5,0.01,1,0.05,0,500000,0.36479,0.0058496,152,1.5801E-06,0.57641,0.57455,0.57826,0.59119,0.58566,0.59672
32,0.000002,3,512,0,0,2,3.5,0.05,0.5,0.01,1,0.05,0,500000,0.36479,0.0058496,153,1.5905E-06,0.57619,0.57436,0.57803,0.59104,0.58555,0.59653
32,0.000002,3,512,0,0,2,3.5,0.05,0.5,0.01,1,0.05,0,500000,0.36479,0.0058496,154,1.6009E-06,0.57598,0.57417,0.5778,0.59084,0.58539,0.59628
32,0.000002,3,512,0,0,2,3.5,0.05,0.5,0.01,1,0.05,0,500000,0.36479,0.0058496,155,1.6113E-06,0.57577,0.57397,0.57757,0.59058,0.58518,0.59598
32,0.000002,3,512,0,0,2,3.5,0.05,0.5,0.01,1,0.05,0,500000,0.36479,0.0058496,156,1.6217E-06,0.57556,0.57378,0.57734,0.59028,0.58493,0.59563
32,0.000002,3,512,0,0,2,3.5,0.05,0.5,0.01,1,0.05,0,500000,0.36479,0.0058496,157,1.6321E-06,0.57535,0.57359,0.57711,0.58994,0.58465,0.59524
32,0.000002,3,512,0,0,2,3.5,0.05,0.5,0.01,1,0.05,0,500000,0.36479,0.0058496,158,1.6425E-06,0.57514,0.57339,0.57689,0.58957,0.58432,0.59481
32,0.000002,3,512,0,0,2,3.5,0.05,0.5,0.01,1,0.05,0,500000,0.36479,0.0058496,159,1.6529E-06,0.57493,0.5732,0.57666,0.58915,0.58396,0.59434
32,0.000002,3,512,0,0,2,3.5,0.05,0.5,0.01,1,0.05,0,500000,0.36479,0.0058496,160,1.6632E-06,0.57472,0.57301,0.57644,0.58869,0.58356,0.59383
32,0.000002,3,512,0,0,2,3.5,0.05,0.5,0.01,1,0.05,0,500000,0.36479,0.0058496,161,1.6736E-06,0.57452,0.57282,0.57621,0.58821,0.58313,0.59329
32,0.000002,3,512,0,0,2,3.5,0.05,0.5,0.01,1,0.05,0,500000,0.36479,0.0058496,162,0.000001684,0.57431,0.57263,0.57599,0.5877,0.58267,0.59272
32,0.000002,3,512,0,0,2,3.5,0.05,0.5,0.01,1,0.05,0,500000,0.36479,0.0058496,163,1.6944E-06,0.5741,0.57244,0.57577,0.58716,0.58219,0.59213
32,0.000002,3,512,0,0,2,3.5,0.05,0.5,0.01,1,0.05,0,500000,0.36479,0.0058496,164,1.7048E-06,0.57389,0.57224,0.57555,0.5866,0.58168,0.59152
32,0.000002,3,512,0,0,2,3.5,0.05,0.5,0.01,1,0.05,0,500000,0.36479,0.0058496,165,1.7152E-06,0.57369,0.57205,0.57532,0.58602,0.58115,0.59088
32,0.000002,3,512,0,0,2,3.5,0.05,0.5,0.01,1,0.05,0,500000,0.36479,0.0058496,166,1.7256E-06,0.57348,0.57186,0.5751,0.58542,0.58061,0.59023
32,0.000002,3,512,0,0,2,3.5,0.05,0.5,0.01,1,0.05,0,500000,0.36479,0.0058496,167,0.000001736,0.57328,0.57167,0.57488,0.58481,0.58005,0.58957
32,0.000002,3,512,0,0,2,3.5,0.05,0.5,0.01,1,0.05,0,500000,0.36479,0.0058496,168,1.7464E-06,0.57307,0.57148,0.57466,0.58419,0.57948,0.5889
32,0.000002,3,512,0,0,2,3.5,0.05,0.5,0.01,1,0.05,0,500000,0.36479,0.0058496,169,1.7568E-06,0.57287,0.57129,0.57445,0.58356,0.5789,0.58822
32,0.000002,3,512,0,0,2,3.5,0.05,0.5,0.01,1,0.05,0,500000,0.36479,0.0058496,170,1.7672E-06,0.57267,0.5711,0.57423,0.58292,0.5783,0.58753
32,0.000002,3,512,0,0,2,3.5,0.05,0.5,0.01,1,0.05,0,500000,0.36479,0.0058496,171,1.7776E-06,0.57246,0.57092,0.57401,0.58227,0.5777,0.58684
32,0.000002,3,512,0,0,2,3.5,0.05,0.5,0.01,1,0.05,0,500000,0.36479,0.0058496,172,0.000001788,0.57226,0.57073,0.57379,0.58163,0.5771,0.58616
32,0.000002,3,512,0,0,2,3.5,0.05,0.5,0.01,1,0.05,0,500000,0.36479,0.0058496,173,1.7984E-06,0.57206,0.57054,0.57358,0.58098,0.57649,0.58547
32,0.000002,3,512,0,0,2,3.5,0.05,0.5,0.01,1,0.05,0,500000,0.36479,0.0058496,174,1.8088E-06,0.57185,0.57035,0.57336,0.58033,0.57588,0.58479
32,0.000002,3,512,0,0,2,3.5,0.05,0.5,0.01,1,0.05,0,500000,0.36479,0.0058496,175,1.8192E-06,0.57165,0.57016,0.57315,0.57969,0.57527,0.5841
32,0.000002,3,512,0,0,2,3.5,0.05,0.5,0.01,1,0.05,0,500000,0.36479,0.0058496,176,1.8296E-06,0.57145,0.56997,0.57293,0.57905,0.57467,0.58342
32,0.000002,3,512,0,0,2,3.5,0.05,0.5,0.01,1,0.05,0,500000,0.36479,0.0058496,177,0.00000184,0.57125,0.56979,0.57272,0.57841,0.57407,0.58276
32,0.000002,3,512,0,0,2,3.5,0.05,0.5,0.01,1,0.05,0,500000,0.36479,0.0058496,178,1.8504E-06,0.57105,0.5696,0.5725,0.57779,0.57347,0.5821
32,0.000002,3,512,0,0,2,3.5,0.05,0.5,0.01,1,0.05,0,500000,0.36479,0.0058496,179,1.8608E-06,0.57085,0.56941,0.57229,0.57717,0.57288,0.58145
32,0.000002,3,512,0,0,2,3.5,0.05,0.5,0.01,1,0.05,0,500000,0.36479,0.0058496,180,1.8712E-06,0.57065,0.56922,0.57208,0.57655,0.57229,0.5808
32,0.000002,3,512,0,0,2,3.5,0.05,0.5,0.01,1,0.05,0,500000,0.36479,0.0058496,181,1.8815E-06,0.57045,0.56904,0.57187,0.57594,0.57172,0.58017
32,0.000002,3,512,0,0,2,3.5,0.05,0.5,0.01,1,0.05,0,500000,0.36479,0.0058496,182,1.8919E-06,0.57025,0.56885,0.57166,0.57535,0.57115,0.57956
32,0.000002,3,512,0,0,2,3.5,0.05,0.5,0.01,1,0.05,0,500000,0.36479,0.0058496,183,1.9023E-06,0.57006,0.56867,0.57145,0.57477,0.57059,0.57895
32,0.000002,3,512,0,0,2,3.5,0.05,0.5,0.01,1,0.05,0,500000,0.36479,0.0058496,184,1.9127E-06,0.56986,0.56848,0.57124,0.5742,0.57004,0.57835
32,0.000002,3,512,0,0,2,3.5,0.05,0.5,0.01,1,0.05,0,500000,0.36479,0.0058496,185,1.9231E-06,0.56966,0.56829,0.57103,0.57363,0.5695,0.57777
32,0.000002,3,512,0,0,2,3.5,0.05,0.5,0.01,1,0.05,0,500000,0.36479,0.0058496,186,1.9335E-06,0.56946,0.56811,0.57082,0.57308,0.56896,0.57719
32,0.000002,3,512,0,0,2,3.5,0.05,0.5,0.01,1,0.05,0,500000,0.36479,0.0058496,187,1.9439E-06,0.56927,0.56792,0.57061,0.57254,0.56844,0.57663
32,0.000002,3,512,0,0,2,3.5,0.05,0.5,0.01,1,0.05,0,500000,0.36479,0.0058496,188,1.9543E-06,0.56907,0.56774,0.5704,0.57201,0.56794,0.57609
32,0.000002,3,512,0,0,2,3.5,0.05,0.5,0.01,1,0.05,0,500000,0.36479,0.0058496,189,1.9647E-06,0.56888,0.56755,0.5702,0.5715,0.56744,0.57555
32,0.000002,3,512,0,0,2,3.5,0.05,0.5,0.01,1,0.05,0,500000,0.36479,0.0058496,190,1.9751E-06,0.56868,0.56737,0.56999,0.57099,0.56695,0.57502
32,0.000002,3,512,0,0,2,3.5,0.05,0.5,0.01,1,0.05,0,500000,0.36479,0.0058496,191,1.9855E-06,0.56848,0.56719,0.56978,0.57049,0.56647,0.57451
32,0.000002,3,512,0,0,2,3.5,0.05,0.5,0.01,1,0.05,0,500000,0.36479,0.0058496,192,1.9959E-06,0.56829,0.567,0.56958,0.57,0.56601,0.574
32,0.000002,3,512,0,0,2,3.5,0.05,0.5,0.01,1,0.05,0,500000,0.36479,0.0058496,193,2.0063E-06,0.5681,0.56682,0.56937,0.56953,0.56555,0.57351
32,0.000002,3,512,0,0,2,3.5,0.05,0.5,0.01,1,0.05,0,500000,0.36479,0.0058496,194,2.0167E-06,0.5679,0.56664,0.56917,0.56907,0.56511,0.57303
32,0.000002,3,512,0,0,2,3.5,0.05,0.5,0.01,1,0.05,0,500000,0.36479,0.0058496,195,2.0271E-06,0.56771,0.56645,0.56896,0.56862,0.56468,0.57255
32,0.000002,3,512,0,0,2,3.5,0.05,0.5,0.01,1,0.05,0,500000,0.36479,0.0058496,196,2.0375E-06,0.56752,0.56627,0.56876,0.56817,0.56426,0.57208
32,0.000002,3,512,0,0,2,3.5,0.05,0.5,0.01,1,0.05,0,500000,0.36479,0.0058496,197,2.0479E-06,0.56732,0.56609,0.56856,0.56774,0.56385,0.57163
32,0.000002,3,512,0,0,2,3.5,0.05,0.5,0.01,1,0.05,0,500000,0.36479,0.0058496,198,2.0583E-06,0.56713,0.5659,0.56836,0.56731,0.56345,0.57118
32,0.000002,3,512,0,0,2,3.5,0.05,0.5,0.01,1,0.05,0,500000,0.36479,0.0058496,199,2.0687E-06,0.56694,0.56572,0.56815,0.5669,0.56306,0.57074
32,0.000002,3,512,0,0,2,3.5,0.05,0.5,0.01,1,0.05,0,500000,0.36479,0.0058496,200,2.0791E-06,0.56675,0.56554,0.56795,0.5665,0.56269,0.57032
32,0.000002,3,512,0,0,2,3.5,0.05,0.5,0.01,1,0.05,0,500000,0.36479,0.0058496,201,2.0895E-06,0.56656,0.56536,0.56775,0.5661,0.56232,0.56989
32,0.000002,3,512,0,0,2,3.5,0.05,0.5,0.01,1,0.05,0,500000,0.36479,0.0058496,202,2.0999E-06,0.56636,0.56518,0.56755,0.56572,0.56196,0.56948
32,0.000002,3,512,0,0,2,3.5,0.05,0.5,0.01,1,0.05,0,500000,0.36479,0.0058496,203,2.1102E-06,0.56617,0.565,0.56735,0.56534,0.56161,0.56907
32,0.000002,3,512,0,0,2,3.5,0.05,0.5,0.01,1,0.05,0,500000,0.36479,0.0058496,204,2.1206E-06,0.56598,0.56481,0.56715,0.56498,0.56128,0.56868
32,0.000002,3,512,0,0,2,3.5,0.05,0.5,0.01,1,0.05,0,500000,0.36479,0.0058496,205,0.000002131,0.56579,0.56463,0.56695,0.56462,0.56095,0.5683
32,0.000002,3,512,0,0,2,3.5,0.05,0.5,0.01,1,0.05,0,500000,0.36479,0.0058496,206,2.1414E-06,0.5656,0.56445,0.56675,0.56428,0.56063,0.56792
32,0.000002,3,512,0,0,2,3.5,0.05,0.5,0.01,1,0.05,0,500000,0.36479,0.0058496,207,2.1518E-06,0.56541,0.56427,0.56656,0.56394,0.56032,0.56755
32,0.000002,3,512,0,0,2,3.5,0.05,0.5,0.01,1,0.05,0,500000,0.36479,0.0058496,208,2.1622E-06,0.56523,0.56409,0.56636,0.56361,0.56002,0.56719
32,0.000002,3,512,0,0,2,3.5,0.05,0.5,0.01,1,0.05,0,500000,0.36479,0.0058496,209,2.1726E-06,0.56504,0.56391,0.56616,0.56329,0.55974,0.56685
32,0.000002,3,512,0,0,2,3.5,0.05,0.5,0.01,1,0.05,0,500000,0.36479,0.0058496,210,0.000002183,0.56485,0.56373,0.56597,0.56299,0.55946,0.56651
32,0.000002,3,512,0,0,2,3.5,0.05,0.5,0.01,1,0.05,0,500000,0.36479,0.0058496,211,2.1934E-06,0.56466,0.56355,0.56577,0.56269,0.5592,0.56619
32,0.000002,3,512,0,0,2,3.5,0.05,0.5,0.01,1,0.05,0,500000,0.36479,0.0058496,212,2.2038E-06,0.56447,0.56337,0.56557,0.56241,0.55894,0.56587
32,0.000002,3,512,0,0,2,3.5,0.05,0.5,0.01,1,0.05,0,500000,0.36479,0.0058496,213,2.2142E-06,0.56429,0.5632,0.56538,0.56213,0.5587,0.56557
32,0.000002,3,512,0,0,2,3.5,0.05,0.5,0.01,1,0.05,0,500000,0.36479,0.0058496,214,2.2246E-06,0.5641,0.56302,0.56518,0.56187,0.55846,0.56528
32,0.000002,3,512,0,0,2,3.5,0.05,0.5,0.01,1,0.05,0,500000,0.36479,0.0058496,215,0.000002235,0.56391,0.56284,0.56499,0.56162,0.55824,0.565
32,0.000002,3,512,0,0,2,3.5,0.05,0.5,0.01,1,0.05,0,500000,0.36479,0.0058496,216,2.2454E-06,0.56373,0.56266,0.56479,0.56139,0.55804,0.56473
32,0.000002,3,512,0,0,2,3.5,0.05,0.5,0.01,1,0.05,0,500000,0.36479,0.0058496,217,2.2558E-06,0.56354,0.56248,0.5646,0.56116,0.55784,0.56448
32,0.000002,3,512,0,0,2,3.5,0.05,0.5,0.01,1,0.05,0,500000,0.36479,0.0058496,218,2.2662E-06,0.56336,0.5623,0.56441,0.56095,0.55765,0.56424
32,0.000002,3,512,0,0,2,3.5,0.05,0.5,0.01,1,0.05,0,500000,0.36479,0.0058496,219,2.2766E-06,0.56317,0.56213,0.56422,0.56074,0.55748,0.56401
32,0.000002,3,512,0,0,2,3.5,0.05,0.5,0.01,1,0.05,0,500000,0.36479,0.0058496,220,0.000002287,0.56299,0.56195,0.56402,0.56056,0.55731,0.5638
32,0.000002,3,512,0,0,2,3.5,0.05,0.5,0.01,1,0.05,0,500000,0.36479,0.0058496,221,2.2974E-06,0.5628,0.56177,0.56383,0.56038,0.55717,0.5636
32,0.000002,3,512,0,0,2,3.5,0.05,0.5,0.01,1,0.05,0,500000,0.36479,0.0058496,222,2.3078E-06,0.56262,0.5616,0.56364,0.56023,0.55704,0.56341
32,0.000002,3,512,0,0,2,3.5,0.05,0.5,0.01,1,0.05,0,500000,0.36479,0.0058496,223,2.3182E-06,0.56243,0.56142,0.56345,0.56008,0.55692,0.56325
32,0.000002,3,512,0,0,2,3.5,0.05,0.5,0.01,1,0.05,0,500000,0.36479,0.0058496,224,2.3285E-06,0.56225,0.56124,0.56326,0.55995,0.55681,0.56309
32,0.000002,3,512,0,0,2,3.5,0.05,0.5,0.01,1,0.05,0,500000,0.36479,0.0058496,225,2.3389E-06,0.56207,0.56107,0.56307,0.55983,0.5567,0.56295
32,0.000002,3,512,0,0,2,3.5,0.05,0.5,0.01,1,0.05,0,500000,0.36479,0.0058496,226,2.3493E-06,0.56188,0.56089,0.56288,0.55972,0.55662,0.56283
32,0.000002,3,512,0,0,2,3.5,0.05,0.5,0.01,1,0.05,0,500000,0.36479,0.0058496,227,2.3597E-06,0.5617,0.56072,0.56269,0.55963,0.55655,0.56272
32,0.000002,3,512,0,0,2,3.5,0.05,0.5,0.01,1,0.05,0,500000,0.36479,0.0058496,228,2.3701E-06,0.56152,0.56054,0.5625,0.55956,0.55649,0.56263
32,0.000002,3,512,0,0,2,3.5,0.05,0.5,0.01,1,0.05,0,500000,0.36479,0.0058496,229,2.3805E-06,0.56134,0.56036,0.56231,0.5595,0.55644,0.56255
32,0.000002,3,512,0,0,2,3.5,0.05,0.5,0.01,1,0.05,0,500000,0.36479,0.0058496,230,2.3909E-06,0.56116,0.56019,0.56212,0.55944,0.5564,0.56249
32,0.000002,3,512,0,0,2,3.5,0.05,0.5,0.01,1,0.05,0,500000,0.36479,0.0058496,231,2.4013E-06,0.56097,0.56001,0.56193,0.55941,0.55637,0.56244
32,0.000002,3,512,0,0,2,3.5,0.05,0.5,0.01,1,0.05,0,500000,0.36479,0.0058496,232,2.4117E-06,0.56079,0.55984,0.56175,0.55938,0.55635,0.5624
32,0.000002,3,512,0,0,2,3.5,0.05,0.5,0.01,1,0.05,0,500000,0.36479,0.0058496,233,2.4221E-06,0.56061,0.55967,0.56156,0.55937,0.55635,0.56238
32,0.000002,3,512,0,0,2,3.5,0.05,0.5,0.01,1,0.05,0,500000,0.36479,0.0058496,234,2.4325E-06,0.56043,0.55949,0.56137,0.55937,0.55635,0.56238
32,0.000002,3,512,0,0,2,3.5,0.05,0.5,0.01,1,0.05,0,500000,0.36479,0.0058496,235,2.4429E-06,0.56025,0.55932,0.56119,0.55938,0.55637,0.56239
32,0.000002,3,512,0,0,2,3.5,0.05,0.5,0.01,1,0.05,0,500000,0.36479,0.0058496,236,2.4533E-06,0.56007,0.55914,0.561,0.5594,0.55639,0.56241
32,0.000002,3,512,0,0,2,3.5,0.05,0.5,0.01,1,0.05,0,500000,0.36479,0.0058496,237,2.4637E-06,0.55989,0.55897,0.56081,0.55942,0.55641,0.56244
32,0.000002,3,512,0,0,2,3.5,0.05,0.5,0.01,1,0.05,0,500000,0.36479,0.0058496,238,2.4741E-06,0.55971,0.5588,0.56063,0.55946,0.55643,0.56248
32,0.000002,3,512,0,0,2,3.5,0.05,0.5,0.01,1,0.05,0,500000,0.36479,0.0058496,239,2.4845E-06,0.55953,0.55863,0.56044,0.5595,0.55647,0.56253
32,0.000002,3,512,0,0,2,3.5,0.05,0.5,0.01,1,0.05,0,500000,0.36479,0.0058496,240,2.4949E-06,0.55936,0.55845,0.56026,0.55955,0.55652,0.56259
32,0.000002,3,512,0,0,2,3.5,0.05,0.5,0.01,1,0.05,0,500000,0.36479,0.0058496,241,2.5053E-06,0.55918,0.55828,0.56007,0.55961,0.55656,0.56266
32,0.000002,3,512,0,0,2,3.5,0.05,0.5,0.01,1,0.05,0,500000,0.36479,0.0058496,242,2.5157E-06,0.559,0.55811,0.55989,0.55967,0.55661,0.56273
32,0.000002,3,512,0,0,2,3.5,0.05,0.5,0.01,1,0.05,0,500000,0.36479,0.0058496,243,2.5261E-06,0.55882,0.55794,0.55971,0.55973,0.55666,0.56281
32,0.000002,3,512,0,0,2,3.5,0.05,0.5,0.01,1,0.05,0,500000,0.36479,0.0058496,244,2.5365E-06,0.55864,0.55776,0.55952,0.55979,0.5567,0.56289
32,0.000002,3,512,0,0,2,3.5,0.05,0.5,0.01,1,0.05,0,500000,0.36479,0.0058496,245,2.5468E-06,0.55847,0.55759,0.55934,0.55986,0.55674,0.56297
32,0.000002,3,512,0,0,2,3.5,0.05,0.5,0.01,1,0.05,0,500000,0.36479,0.0058496,246,2.5572E-06,0.55829,0.55742,0.55916,0.55992,0.55679,0.56305
32,0.000002,3,512,0,0,2,3.5,0.05,0.5,0.01,1,0.05,0,500000,0.36479,0.0058496,247,2.5676E-06,0.55811,0.55725,0.55897,0.55999,0.55684,0.56314
32,0.000002,3,512,0,0,2,3.5,0.05,0.5,0.01,1,0.05,0,500000,0.36479,0.0058496,248,0.000002578,0.55794,0.55708,0.55879,0.56005,0.55688,0.56321
32,0.000002,3,512,0,0,2,3.5,0.05,0.5,0.01,1,0.05,0,500000,0.36479,0.0058496,249,2.5884E-06,0.55776,0.55691,0.55861,0.5601,0.55691,0.56329
32,0.000002,3,512,0,0,2,3.5,0.05,0.5,0.01,1,0.05,0,500000,0.36479,0.0058496,250,2.5988E-06,0.55758,0.55674,0.55843,0.56014,0.55693,0.56335
32,0.000002,3,512,0,0,2,3.5,0.05,0.5,0.01,1,0.05,0,500000,0.36479,0.0058496,251,2.6092E-06,0.55741,0.55657,0.55825,0.56018,0.55695,0.56341
32,0.000002,3,512,0,0,2,3.5,0.05,0.5,0.01,1,0.05,0,500000,0.36479,0.0058496,252,2.6196E-06,0.55723,0.5564,0.55807,0.56021,0.55696,0.56346
32,0.000002,3,512,0,0,2,3.5,0.05,0.5,0.01,1,0.05,0,500000,0.36479,0.0058496,253,0.00000263,0.55706,0.55623,0.55789,0.56023,0.55696,0.5635
32,0.000002,3,512,0,0,2,3.5,0.05,0.5,0.01,1,0.05,0,500000,0.36479,0.0058496,254,2.6404E-06,0.55688,0.55606,0.55771,0.56024,0.55696,0.56353
32,0.000002,3,512,0,0,2,3.5,0.05,0.5,0.01,1,0.05,0,500000,0.36479,0.0058496,255,2.6508E-06,0.55671,0.55589,0.55753,0.56024,0.55694,0.56354
32,0.000002,3,512,0,0,2,3.5,0.05,0.5,0.01,1,0.05,0,500000,0.36479,0.0058496,256,2.6612E-06,0.55653,0.55572,0.55735,0.56022,0.5569,0.56354
32,0.000002,3,512,0,0,2,3.5,0.05,0.5,0.01,1,0.05,0,500000,0.36479,0.0058496,257,2.6716E-06,0.55636,0.55555,0.55717,0.56018,0.55685,0.56352
32,0.000002,3,512,0,0,2,3.5,0.05,0.5,0.01,1,0.05,0,500000,0.36479,0.0058496,258,0.000002682,0.55619,0.55538,0.55699,0.56013,0.55677,0.56348
32,0.000002,3,512,0,0,2,3.5,0.05,0.5,0.01,1,0.05,0,500000,0.36479,0.0058496,259,2.6924E-06,0.55601,0.55521,0.55681,0.56006,0.55669,0.56343
32,0.000002,3,512,0,0,2,3.5,0.05,0.5,0.01,1,0.05,0,500000,0.36479,0.0058496,260,2.7028E-06,0.55584,0.55505,0.55663,0.55998,0.5566,0.56335
32,0.000002,3,512,0,0,2,3.5,0.05,0.5,0.01,1,0.05,0,500000,0.36479,0.0058496,261,2.7132E-06,0.55567,0.55488,0.55645,0.55987,0.55649,0.56326
32,0.000002,3,512,0,0,2,3.5,0.05,0.5,0.01,1,0.05,0,500000,0.36479,0.0058496,262,2.7236E-06,0.55549,0.55471,0.55628,0.55975,0.55635,0.56314
32,0.000002,3,512,0,0,2,3.5,0.05,0.5,0.01,1,0.05,0,500000,0.36479,0.0058496,263,0.000002734,0.55532,0.55454,0.5561,0.5596,0.5562,0.563
32,0.000002,3,512,0,0,2,3.5,0.05,0.5,0.01,1,0.05,0,500000,0.36479,0.0058496,264,2.7444E-06,0.55515,0.55437,0.55592,0.55943,0.55602,0.56284
32,0.000002,3,512,0,0,2,3.5,0.05,0.5,0.01,1,0.05,0,500000,0.36479,0.0058496,265,2.7548E-06,0.55498,0.55421,0.55575,0.55924,0.55582,0.56265
32,0.000002,3,512,0,0,2,3.5,0.05,0.5,0.01,1,0.05,0,500000,0.36479,0.0058496,266,2.7652E-06,0.55481,0.55404,0.55557,0.55902,0.5556,0.56244
32,0.000002,3,512,0,0,2,3.5,0.05,0.5,0.01,1,0.05,0,500000,0.36479,0.0058496,267,2.7755E-06,0.55463,0.55387,0.55539,0.55879,0.55537,0.5622
32,0.000002,3,512,0,0,2,3.5,0.05,0.5,0.01,1,0.05,0,500000,0.36479,0.0058496,268,2.7859E-06,0.55446,0.55371,0.55522,0.55853,0.55511,0.56194
32,0.000002,3,512,0,0,2,3.5,0.05,0.5,0.01,1,0.05,0,500000,0.36479,0.0058496,269,2.7963E-06,0.55429,0.55354,0.55504,0.55825,0.55483,0.56166
32,0.000002,3,512,0,0,2,3.5,0.05,0.5,0.01,1,0.05,0,500000,0.36479,0.0058496,270,2.8067E-06,0.55412,0.55337,0.55487,0.55793,0.55452,0.56134
32,0.000002,3,512,0,0,2,3.5,0.05,0.5,0.01,1,0.05,0,500000,0.36479,0.0058496,271,2.8171E-06,0.55395,0.55321,0.55469,0.5576,0.55419,0.561
32,0.000002,3,512,0,0,2,3.5,0.05,0.5,0.01,1,0.05,0,500000,0.36479,0.0058496,272,2.8275E-06,0.55378,0.55304,0.55452,0.55724,0.55384,0.56064
32,0.000002,3,512,0,0,2,3.5,0.05,0.5,0.01,1,0.05,0,500000,0.36479,0.0058496,273,2.8379E-06,0.55361,0.55288,0.55434,0.55686,0.55347,0.56025
32,0.000002,3,512,0,0,2,3.5,0.05,0.5,0.01,1,0.05,0,500000,0.36479,0.0058496,274,2.8483E-06,0.55344,0.55271,0.55417,0.55646,0.55308,0.55984
32,0.000002,3,512,0,0,2,3.5,0.05,0.5,0.01,1,0.05,0,500000,0.36479,0.0058496,275,2.8587E-06,0.55327,0.55255,0.55399,0.55604,0.55267,0.55941
32,0.000002,3,512,0,0,2,3.5,0.05,0.5,0.01,1,0.05,0,500000,0.36479,0.0058496,276,2.8691E-06,0.5531,0.55238,0.55382,0.55559,0.55224,0.55895
32,0.000002,3,512,0,0,2,3.5,0.05,0.5,0.01,1,0.05,0,500000,0.36479,0.0058496,277,2.8795E-06,0.55293,0.55222,0.55365,0.55512,0.55179,0.55846
32,0.000002,3,512,0,0,2,3.5,0.05,0.5,0.01,1,0.05,0,500000,0.36479,0.0058496,278,2.8899E-06,0.55276,0.55205,0.55347,0.55463,0.5513,0.55795
32,0.000002,3,512,0,0,2,3.5,0.05,0.5,0.01,1,0.05,0,500000,0.36479,0.0058496,279,2.9003E-06,0.5526,0.55189,0.5533,0.55412,0.55081,0.55742
32,0.000002,3,512,0,0,2,3.5,0.05,0.5,0.01,1,0.05,0,500000,0.36479,0.0058496,280,2.9107E-06,0.55243,0.55173,0.55313,0.55359,0.5503,0.55688
32,0.000002,3,512,0,0,2,3.5,0.05,0.5,0.01,1,0.05,0,500000,0.36479,0.0058496,281,2.9211E-06,0.55226,0.55156,0.55296,0.55304,0.54978,0.55631
32,0.000002,3,512,0,0,2,3.5,0.05,0.5,0.01,1,0.05,0,500000,0.36479,0.0058496,282,2.9315E-06,0.55209,0.5514,0.55279,0.55248,0.54923,0.55573
32,0.000002,3,512,0,0,2,3.5,0.05,0.5,0.01,1,0.05,0,500000,0.36479,0.0058496,283,2.9419E-06,0.55192,0.55123,0.55261,0.5519,0.54867,0.55512
32,0.000002,3,512,0,0,2,3.5,0.05,0.5,0.01,1,0.05,0,500000,0.36479,0.0058496,284,2.9523E-06,0.55176,0.55107,0.55244,0.5513,0.5481,0.5545
32,0.000002,3,512,0,0,2,3.5,0.05,0.5,0.01,1,0.05,0,500000,0.36479,0.0058496,285,2.9627E-06,0.55159,0.55091,0.55227,0.55069,0.54751,0.55387
32,0.000002,3,512,0,0,2,3.5,0.05,0.5,0.01,1,0.05,0,500000,0.36479,0.0058496,286,2.9731E-06,0.55142,0.55075,0.5521,0.55006,0.54691,0.55322
32,0.000002,3,512,0,0,2,3.5,0.05,0.5,0.01,1,0.05,0,500000,0.36479,0.0058496,287,2.9835E-06,0.55126,0.55058,0.55193,0.54943,0.5463,0.55255
32,0.000002,3,512,0,0,2,3.5,0.05,0.5,0.01,1,0.05,0,500000,0.36479,0.0058496,288,2.9938E-06,0.55109,0.55042,0.55176,0.54878,0.54568,0.55188
32,0.000002,3,512,0,0,2,3.5,0.05,0.5,0.01,1,0.05,0,500000,0.36479,0.0058496,289,3.0042E-06,0.55092,0.55026,0.55159,0.54813,0.54506,0.55121
32,0.000002,3,512,0,0,2,3.5,0.05,0.5,0.01,1,0.05,0,500000,0.36479,0.0058496,290,3.0146E-06,0.55076,0.5501,0.55142,0.54748,0.54443,0.55052
32,0.000002,3,512,0,0,2,3.5,0.05,0.5,0.01,1,0.05,0,500000,0.36479,0.0058496,291,0.000003025,0.55059,0.54993,0.55125,0.54681,0.54379,0.54982
32,0.000002,3,512,0,0,2,3.5,0.05,0.5,0.01,1,0.05,0,500000,0.36479,0.0058496,292,3.0354E-06,0.55043,0.54977,0.55108,0.54613,0.54314,0.54912
32,0.000002,3,512,0,0,2,3.5,0.05,0.5,0.01,1,0.05,0,500000,0.36479,0.0058496,293,3.0458E-06,0.55026,0.54961,0.55091,0.54546,0.5425,0.54842
32,0.000002,3,512,0,0,2,3.5,0.05,0.5,0.01,1,0.05,0,500000,0.36479,0.0058496,294,3.0562E-06,0.5501,0.54945,0.55074,0.54478,0.54185,0.54771
32,0.000002,3,512,0,0,2,3.5,0.05,0.5,0.01,1,0.05,0,500000,0.36479,0.0058496,295,3.0666E-06,0.54993,0.54929,0.55057,0.5441,0.5412,0.54701
32,0.000002,3,512,0,0,2,3.5,0.05,0.5,0.01,1,0.05,0,500000,0.36479,0.0058496,296,0.000003077,0.54977,0.54913,0.55041,0.54343,0.54056,0.5463
32,0.000002,3,512,0,0,2,3.5,0.05,0.5,0.01,1,0.05,0,500000,0.36479,0.0058496,297,3.0874E-06,0.5496,0.54897,0.55024,0.54276,0.53992,0.5456
32,0.000002,3,512,0,0,2,3.5,0.05,0.5,0.01,1,0.05,0,500000,0.36479,0.0058496,298,3.0978E-06,0.54944,0.54881,0.55007,0.54209,0.53928,0.54491
32,0.000002,3,512,0,0,2,3.5,0.05,0.5,0.01,1,0.05,0,500000,0.36479,0.0058496,299,3.1082E-06,0.54927,0.54864,0.5499,0.54143,0.53864,0.54422
32,0.000002,3,512,0,0,2,3.5,0.05,0.5,0.01,1,0.05,0,500000,0.36479,0.0058496,300,3.1186E-06,0.54911,0.54848,0.54974,0.54077,0.53801,0.54353
32,0.000002,3,512,0,0,2,3.5,0.05,0.5,0.01,1,0.05,0,500000,0.36479,0.0058496,301,0.000003129,0.54895,0.54832,0.54957,0.54012,0.53739,0.54285
32,0.000002,3,512,0,0,2,3.5,0.05,0.5,0.01,1,0.05,0,500000,0.36479,0.0058496,302,3.1394E-06,0.54878,0.54816,0.5494,0.53949,0.53678,0.54219
32,0.000002,3,512,0,0,2,3.5,0.05,0.5,0.01,1,0.05,0,500000,0.36479,0.0058496,303,3.1498E-06,0.54862,0.548,0.54924,0.53886,0.53618,0.54154
32,0.000002,3,512,0,0,2,3.5,0.05,0.5,0.01,1,0.05,0,500000,0.36479,0.0058496,304,3.1602E-06,0.54846,0.54785,0.54907,0.53825,0.53559,0.5409
32,0.000002,3,512,0,0,2,3.5,0.05,0.5,0.01,1,0.05,0,500000,0.36479,0.0058496,305,3.1706E-06,0.54829,0.54769,0.5489,0.53765,0.53502,0.54028
32,0.000002,3,512,0,0,2,3.5,0.05,0.5,0.01,1,0.05,0,500000,0.36479,0.0058496,306,0.000003181,0.54813,0.54753,0.54874,0.53706,0.53446,0.53967
32,0.000002,3,512,0,0,2,3.5,0.05,0.5,0.01,1,0.05,0,500000,0.36479,0.0058496,307,3.1914E-06,0.54797,0.54737,0.54857,0.53649,0.53391,0.53908
32,0.000002,3,512,0,0,2,3.5,0.05,0.5,0.01,1,0.05,0,500000,0.36479,0.0058496,308,3.2018E-06,0.54781,0.54721,0.54841,0.53594,0.53337,0.5385
32,0.000002,3,512,0,0,2,3.5,0.05,0.5,0.01,1,0.05,0,500000,0.36479,0.0058496,309,3.2121E-06,0.54765,0.54705,0.54824,0.5354,0.53286,0.53795
32,0.000002,3,512,0,0,2,3.5,0.05,0.5,0.01,1,0.05,0,500000,0.36479,0.0058496,310,3.2225E-06,0.54748,0.54689,0.54808,0.53489,0.53236,0.53741
32,0.000002,3,512,0,0,2,3.5,0.05,0.5,0.01,1,0.05,0,500000,0.36479,0.0058496,311,3.2329E-06,0.54732,0.54673,0.54792,0.53439,0.53188,0.5369
32,0.000002,3,512,0,0,2,3.5,0.05,0.5,0.01,1,0.05,0,500000,0.36479,0.0058496,312,3.2433E-06,0.54716,0.54657,0.54775,0.53392,0.53143,0.53642
32,0.000002,3,512,0,0,2,3.5,0.05,0.5,0.01,1,0.05,0,500000,0.36479,0.0058496,313,3.2537E-06,0.547,0.54642,0.54759,0.53347,0.53099,0.53595
32,0.000002,3,512,0,0,2,3.5,0.05,0.5,0.01,1,0.05,0,500000,0.36479,0.0058496,314,3.2641E-06,0.54684,0.54626,0.54742,0.53304,0.53057,0.53551
32,0.000002,3,512,0,0,2,3.5,0.05,0.5,0.01,1,0.05,0,500000,0.36479,0.0058496,315,3.2745E-06,0.54668,0.5461,0.54726,0.53263,0.53018,0.53508
32,0.000002,3,512,0,0,2,3.5,0.05,0.5,0.01,1,0.05,0,500000,0.36479,0.0058496,316,3.2849E-06,0.54652,0.54594,0.5471,0.53225,0.5298,0.53469
32,0.000002,3,512,0,0,2,3.5,0.05,0.5,0.01,1,0.05,0,500000,0.36479,0.0058496,317,3.2953E-06,0.54636,0.54578,0.54694,0.53189,0.52945,0.53432
32,0.000002,3,512,0,0,2,3.5,0.05,0.5,0.01,1,0.05,0,500000,0.36479,0.0058496,318,3.3057E-06,0.5462,0.54563,0.54677,0.53155,0.52913,0.53398
32,0.000002,3,512,0,0,2,3.5,0.05,0.5,0.01,1,0.05,0,500000,0.36479,0.0058496,319,3.3161E-06,0.54604,0.54547,0.54661,0.53125,0.52883,0.53367
32,0.000002,3,512,0,0,2,3.5,0.05,0.5,0.01,1,0.05,0,500000,0.36479,0.0058496,320,3.3265E-06,0.54588,0.54531,0.54645,0.53097,0.52855,0.53339
32,0.000002,3,512,0,0,2,3.5,0.05,0.5,0.01,1,0.05,0,500000,0.36479,0.0058496,321,3.3369E-06,0.54572,0.54515,0.54629,0.53072,0.5283,0.53313
32,0.000002,3,512,0,0,2,3.5,0.05,0.5,0.01,1,0.05,0,500000,0.36479,0.0058496,322,3.3473E-06,0.54556,0.545,0.54613,0.53049,0.52808,0.5329
32,0.000002,3,512,0,0,2,3.5,0.05,0.5,0.01,1,0.05,0,500000,0.36479,0.0058496,323,3.3577E-06,0.5454,0.54484,0.54597,0.53029,0.52788,0.53269
32,0.000002,3,512,0,0,2,3.5,0.05,0.5,0.01,1,0.05,0,500000,0.36479,0.0058496,324,3.3681E-06,0.54524,0.54468,0.54581,0.53011,0.5277,0.53251
32,0.000002,3,512,0,0,2,3.5,0.05,0.5,0.01,1,0.05,0,500000,0.36479,0.0058496,325,3.3785E-06,0.54509,0.54453,0.54564,0.52996,0.52756,0.53237
32,0.000002,3,512,0,0,2,3.5,0.05,0.5,0.01,1,0.05,0,500000,0.36479,0.0058496,326,3.3889E-06,0.54493,0.54437,0.54548,0.52985,0.52744,0.53225
32,0.000002,3,512,0,0,2,3.5,0.05,0.5,0.01,1,0.05,0,500000,0.36479,0.0058496,327,3.3993E-06,0.54477,0.54421,0.54532,0.52976,0.52735,0.53217
32,0.000002,3,512,0,0,2,3.5,0.05,0.5,0.01,1,0.05,0,500000,0.36479,0.0058496,328,3.4097E-06,0.54461,0.54406,0.54517,0.5297,0.52728,0.53211
32,0.000002,3,512,0,0,2,3.5,0.05,0.5,0.01,1,0.05,0,500000,0.36479,0.0058496,329,3.4201E-06,0.54445,0.5439,0.54501,0.52966,0.52724,0.53208
32,0.000002,3,512,0,0,2,3.5,0.05,0.5,0.01,1,0.05,0,500000,0.36479,0.0058496,330,3.4305E-06,0.5443,0.54374,0.54485,0.52965,0.52723,0.53207
32,0.000002,3,512,0,0,2,3.5,0.05,0.5,0.01,1,0.05,0,500000,0.36479,0.0058496,331,3.4408E-06,0.54414,0.54359,0.54469,0.52967,0.52724,0.5321
32,0.000002,3,512,0,0,2,3.5,0.05,0.5,0.01,1,0.05,0,500000,0.36479,0.0058496,332,3.4512E-06,0.54398,0.54343,0.54453,0.52971,0.52728,0.53215
32,0.000002,3,512,0,0,2,3.5,0.05,0.5,0.01,1,0.05,0,500000,0.36479,0.0058496,333,3.4616E-06,0.54382,0.54328,0.54437,0.52978,0.52735,0.53222
32,0.000002,3,512,0,0,2,3.5,0.05,0.5,0.01,1,0.05,0,500000,0.36479,0.0058496,334,0.000003472,0.54367,0.54312,0.54421,0.52988,0.52744,0.53232
32,0.000002,3,512,0,0,2,3.5,0.05,0.5,0.01,1,0.05,0,500000,0.36479,0.0058496,335,3.4824E-06,0.54351,0.54297,0.54406,0.53001,0.52756,0.53246
32,0.000002,3,512,0,0,2,3.5,0.05,0.5,0.01,1,0.05,0,500000,0.36479,0.0058496,336,3.4928E-06,0.54335,0.54281,0.5439,0.53016,0.5277,0.53262
32,0.000002,3,512,0,0,2,3.5,0.05,0.5,0.01,1,0.05,0,500000,0.36479,0.0058496,337,3.5032E-06,0.5432,0.54265,0.54374,0.53034,0.52787,0.53281
32,0.000002,3,512,0,0,2,3.5,0.05,0.5,0.01,1,0.05,0,500000,0.36479,0.0058496,338,3.5136E-06,0.54304,0.5425,0.54359,0.53054,0.52806,0.53301
32,0.000002,3,512,0,0,2,3.5,0.05,0.5,0.01,1,0.05,0,500000,0.36479,0.0058496,339,0.000003524,0.54289,0.54234,0.54343,0.53076,0.52828,0.53324
32,0.000002,3,512,0,0,2,3.5,0.05,0.5,0.01,1,0.05,0,500000,0.36479,0.0058496,340,3.5344E-06,0.54273,0.54219,0.54327,0.531,0.52851,0.53349
32,0.000002,3,512,0,0,2,3.5,0.05,0.5,0.01,1,0.05,0,500000,0.36479,0.0058496,341,3.5448E-06,0.54258,0.54203,0.54312,0.53127,0.52877,0.53377
32,0.000002,3,512,0,0,2,3.5,0.05,0.5,0.01,1,0.05,0,500000,0.36479,0.0058496,342,3.5552E-06,0.54242,0.54188,0.54296,0.53156,0.52905,0.53406
32,0.000002,3,512,0,0,2,3.5,0.05,0.5,0.01,1,0.05,0,500000,0.36479,0.0058496,343,3.5656E-06,0.54226,0.54172,0.54281,0.53187,0.52936,0.53438
32,0.000002,3,512,0,0,2,3.5,0.05,0.5,0.01,1,0.05,0,500000,0.36479,0.0058496,344,0.000003576,0.54211,0.54157,0.54265,0.53221,0.52969,0.53473
32,0.000002,3,512,0,0,2,3.5,0.05,0.5,0.01,1,0.05,0,500000,0.36479,0.0058496,345,3.5864E-06,0.54196,0.54141,0.5425,0.53256,0.53003,0.53509
32,0.000002,3,512,0,0,2,3.5,0.05,0.5,0.01,1,0.05,0,500000,0.36479,0.0058496,346,3.5968E-06,0.5418,0.54126,0.54234,0.53293,0.5304,0.53547
32,0.000002,3,512,0,0,2,3.5,0.05,0.5,0.01,1,0.05,0,500000,0.36479,0.0058496,347,3.6072E-06,0.54165,0.5411,0.54219,0.53332,0.53078,0.53586
32,0.000002,3,512,0,0,2,3.5,0.05,0.5,0.01,1,0.05,0,500000,0.36479,0.0058496,348,3.6176E-06,0.54149,0.54095,0.54204,0.53372,0.53117,0.53627
32,0.000002,3,512,0,0,2,3.5,0.05,0.5,0.01,1,0.05,0,500000,0.36479,0.0058496,349,0.000003628,0.54134,0.54079,0.54188,0.53414,0.53158,0.53669
32,0.000002,3,512,0,0,2,3.5,0.05,0.5,0.01,1,0.05,0,500000,0.36479,0.0058496,350,3.6384E-06,0.54118,0.54064,0.54173,0.53457,0.53201,0.53713
32,0.000002,3,512,0,0,2,3.5,0.05,0.5,0.01,1,0.05,0,500000,0.36479,0.0058496,351,3.6488E-06,0.54103,0.54048,0.54158,0.53502,0.53245,0.53759
32,0.000002,3,512,0,0,2,3.5,0.05,0.5,0.01,1,0.05,0,500000,0.36479,0.0058496,352,3.6591E-06,0.54088,0.54033,0.54142,0.53548,0.53291,0.53806
32,0.000002,3,512,0,0,2,3.5,0.05,0.5,0.01,1,0.05,0,500000,0.36479,0.0058496,353,3.6695E-06,0.54072,0.54018,0.54127,0.53596,0.53338,0.53854
32,0.000002,3,512,0,0,2,3.5,0.05,0.5,0.01,1,0.05,0,500000,0.36479,0.0058496,354,3.6799E-06,0.54057,0.54002,0.54112,0.53644,0.53386,0.53902
32,0.000002,3,512,0,0,2,3.5,0.05,0.5,0.01,1,0.05,0,500000,0.36479,0.0058496,355,3.6903E-06,0.54042,0.53987,0.54097,0.53693,0.53435,0.53952
32,0.000002,3,512,0,0,2,3.5,0.05,0.5,0.01,1,0.05,0,500000,0.36479,0.0058496,356,3.7007E-06,0.54026,0.53971,0.54082,0.53743,0.53484,0.54002
32,0.000002,3,512,0,0,2,3.5,0.05,0.5,0.01,1,0.05,0,500000,0.36479,0.0058496,357,3.7111E-06,0.54011,0.53956,0.54067,0.53793,0.53534,0.54053
32,0.000002,3,512,0,0,2,3.5,0.05,0.5,0.01,1,0.05,0,500000,0.36479,0.0058496,358,3.7215E-06,0.53996,0.5394,0.54051,0.53844,0.53585,0.54104
32,0.000002,3,512,0,0,2,3.5,0.05,0.5,0.01,1,0.05,0,500000,0.36479,0.0058496,359,3.7319E-06,0.53981,0.53925,0.54036,0.53896,0.53636,0.54155
32,0.000002,3,512,0,0,2,3.5,0.05,0.5,0.01,1,0.05,0,500000,0.36479,0.0058496,360,3.7423E-06,0.53966,0.5391,0.54021,0.53948,0.53688,0.54208
32,0.000002,3,512,0,0,2,3.5,0.05,0.5,0.01,1,0.05,0,500000,0.36479,0.0058496,361,3.7527E-06,0.5395,0.53894,0.54006,0.54,0.53741,0.5426
32,0.000002,3,512,0,0,2,3.5,0.05,0.5,0.01,1,0.05,0,500000,0.36479,0.0058496,362,3.7631E-06,0.53935,0.53879,0.53992,0.54053,0.53793,0.54312
32,0.000002,3,512,0,0,2,3.5,0.05,0.5,0.01,1,0.05,0,500000,0.36479,0.0058496,363,3.7735E-06,0.5392,0.53863,0.53977,0.54105,0.53845,0.54364
32,0.000002,3,512,0,0,2,3.5,0.05,0.5,0.01,1,0.05,0,500000,0.36479,0.0058496,364,3.7839E-06,0.53905,0.53848,0.53962,0.54157,0.53897,0.54416
32,0.000002,3,512,0,0,2,3.5,0.05,0.5,0.01,1,0.05,0,500000,0.36479,0.0058496,365,3.7943E-06,0.5389,0.53833,0.53947,0.54208,0.53949,0.54467
32,0.000002,3,512,0,0,2,3.5,0.05,0.5,0.01,1,0.05,0,500000,0.36479,0.0058496,366,3.8047E-06,0.53875,0.53817,0.53932,0.54259,0.54,0.54517
32,0.000002,3,512,0,0,2,3.5,0.05,0.5,0.01,1,0.05,0,500000,0.36479,0.0058496,367,3.8151E-06,0.5386,0.53802,0.53917,0.54309,0.54051,0.54567
32,0.000002,3,512,0,0,2,3.5,0.05,0.5,0.01,1,0.05,0,500000,0.36479,0.0058496,368,3.8255E-06,0.53844,0.53786,0.53902,0.54359,0.54102,0.54617
32,0.000002,3,512,0,0,2,3.5,0.05,0.5,0.01,1,0.05,0,500000,0.36479,0.0058496,369,3.8359E-06,0.53829,0.53771,0.53888,0.54408,0.54151,0.54665
32,0.000002,3,512,0,0,2,3.5,0.05,0.5,0.01,1,0.05,0,500000,0.36479,0.0058496,370,3.8463E-06,0.53814,0.53756,0.53873,0.54457,0.54201,0.54713
32,0.000002,3,512,0,0,2,3.5,0.05,0.5,0.01,1,0.05,0,500000,0.36479,0.0058496,371,3.8567E-06,0.53799,0.5374,0.53858,0.54504,0.54249,0.54759
32,0.000002,3,512,0,0,2,3.5,0.05,0.5,0.01,1,0.05,0,500000,0.36479,0.0058496,372,3.8671E-06,0.53784,0.53725,0.53844,0.5455,0.54296,0.54804
32,0.000002,3,512,0,0,2,3.5,0.05,0.5,0.01,1,0.05,0,500000,0.36479,0.0058496,373,3.8774E-06,0.53769,0.5371,0.53829,0.54595,0.54341,0.54848
32,0.000002,3,512,0,0,2,3.5,0.05,0.5,0.01,1,0.05,0,500000,0.36479,0.0058496,374,3.8878E-06,0.53754,0.53694,0.53814,0.54638,0.54385,0.5489
32,0.000002,3,512,0,0,2,3.5,0.05,0.5,0.01,1,0.05,0,500000,0.36479,0.0058496,375,3.8982E-06,0.53739,0.53679,0.538,0.54679,0.54428,0.5493
32,0.000002,3,512,0,0,2,3.5,0.05,0.5,0.01,1,0.05,0,500000,0.36479,0.0058496,376,3.9086E-06,0.53724,0.53664,0.53785,0.54719,0.54469,0.5497
32,0.000002,3,512,0,0,2,3.5,0.05,0.5,0.01,1,0.05,0,500000,0.36479,0.0058496,377,0.000003919,0.5371,0.53648,0.53771,0.54758,0.54509,0.55007
32,0.000002,3,512,0,0,2,3.5,0.05,0.5,0.01,1,0.05,0,500000,0.36479,0.0058496,378,3.9294E-06,0.53695,0.53633,0.53756,0.54795,0.54547,0.55043
32,0.000002,3,512,0,0,2,3.5,0.05,0.5,0.01,1,0.05,0,500000,0.36479,0.0058496,379,3.9398E-06,0.5368,0.53618,0.53742,0.5483,0.54583,0.55076
32,0.000002,3,512,0,0,2,3.5,0.05,0.5,0.01,1,0.05,0,500000,0.36479,0.0058496,380,3.9502E-06,0.53665,0.53602,0.53728,0.54863,0.54617,0.55108
32,0.000002,3,512,0,0,2,3.5,0.05,0.5,0.01,1,0.05,0,500000,0.36479,0.0058496,381,3.9606E-06,0.5365,0.53587,0.53713,0.54894,0.54649,0.55138
32,0.000002,3,512,0,0,2,3.5,0.05,0.5,0.01,1,0.05,0,500000,0.36479,0.0058496,382,0.000003971,0.53635,0.53572,0.53699,0.54922,0.54679,0.55166
32,0.000002,3,512,0,0,2,3.5,0.05,0.5,0.01,1,0.05,0,500000,0.36479,0.0058496,383,3.9814E-06,0.5362,0.53556,0.53684,0.54949,0.54706,0.55191
32,0.000002,3,512,0,0,2,3.5,0.05,0.5,0.01,1,0.05,0,500000,0.36479,0.0058496,384,3.9918E-06,0.53606,0.53541,0.5367,0.54972,0.54731,0.55214
32,0.000002,3,512,0,0,2,3.5,0.05,0.5,0.01,1,0.05,0,500000,0.36479,0.0058496,385,4.0022E-06,0.53591,0.53526,0.53656,0.54994,0.54753,0.55234
32,0.000002,3,512,0,0,2,3.5,0.05,0.5,0.01,1,0.05,0,500000,0.36479,0.0058496,386,4.0126E-06,0.53576,0.5351,0.53642,0.55013,0.54773,0.55253
32,0.000002,3,512,0,0,2,3.5,0.05,0.5,0.01,1,0.05,0,500000,0.36479,0.0058496,387,0.000004023,0.53561,0.53495,0.53627,0.5503,0.54792,0.55269
32,0.000002,3,512,0,0,2,3.5,0.05,0.5,0.01,1,0.05,0,500000,0.36479,0.0058496,388,4.0334E-06,0.53546,0.5348,0.53613,0.55045,0.54807,0.55283
32,0.000002,3,512,0,0,2,3.5,0.05,0.5,0.01,1,0.05,0,500000,0.36479,0.0058496,389,4.0438E-06,0.53532,0.53464,0.53599,0.55057,0.5482,0.55295
32,0.000002,3,512,0,0,2,3.5,0.05,0.5,0.01,1,0.05,0,500000,0.36479,0.0058496,390,4.0542E-06,0.53517,0.53449,0.53585,0.55066,0.54829,0.55304
32,0.000002,3,512,0,0,2,3.5,0.05,0.5,0.01,1,0.05,0,500000,0.36479,0.0058496,391,4.0646E-06,0.53502,0.53434,0.53571,0.55073,0.54836,0.5531
32,0.000002,3,512,0,0,2,3.5,0.05,0.5,0.01,1,0.05,0,500000,0.36479,0.0058496,392,0.000004075,0.53488,0.53419,0.53557,0.55077,0.54841,0.55314
32,0.000002,3,512,0,0,2,3.5,0.05,0.5,0.01,1,0.05,0,500000,0.36479,0.0058496,393,4.0854E-06,0.53473,0.53403,0.53543,0.55078,0.54842,0.55315
32,0.000002,3,512,0,0,2,3.5,0.05,0.5,0.01,1,0.05,0,500000,0.36479,0.0058496,394,4.0957E-06,0.53458,0.53388,0.53529,0.55077,0.5484,0.55313
32,0.000002,3,512,0,0,2,3.5,0.05,0.5,0.01,1,0.05,0,500000,0.36479,0.0058496,395,4.1061E-06,0.53444,0.53373,0.53514,0.55073,0.54836,0.55309
32,0.000002,3,512,0,0,2,3.5,0.05,0.5,0.01,1,0.05,0,500000,0.36479,0.0058496,396,4.1165E-06,0.53429,0.53358,0.53501,0.55066,0.54829,0.55303
32,0.000002,3,512,0,0,2,3.5,0.05,0.5,0.01,1,0.05,0,500000,0.36479,0.0058496,397,4.1269E-06,0.53414,0.53342,0.53487,0.55057,0.54819,0.55294
32,0.000002,3,512,0,0,2,3.5,0.05,0.5,0.01,1,0.05,0,500000,0.36479,0.0058496,398,4.1373E-06,0.534,0.53327,0.53473,0.55045,0.54807,0.55283
32,0.000002,3,512,0,0,2,3.5,0.05,0.5,0.01,1,0.05,0,500000,0.36479,0.0058496,399,4.1477E-06,0.53385,0.53312,0.53459,0.5503,0.54791,0.5527
32,0.000002,3,512,0,0,2,3.5,0.05,0.5,0.01,1,0.05,0,500000,0.36479,0.0058496,400,4.1581E-06,0.53371,0.53297,0.53445,0.55013,0.54773,0.55253
32,0.000002,3,512,0,0,2,3.5,0.05,0.5,0.01,1,0.05,0,500000,0.36479,0.0058496,401,4.1685E-06,0.53356,0.53281,0.53431,0.54993,0.54752,0.55234
32,0.000002,3,512,0,0,2,3.5,0.05,0.5,0.01,1,0.05,0,500000,0.36479,0.0058496,402,4.1789E-06,0.53342,0.53266,0.53417,0.5497,0.54727,0.55212
32,0.000002,3,512,0,0,2,3.5,0.05,0.5,0.01,1,0.05,0,500000,0.36479,0.0058496,403,4.1893E-06,0.53327,0.53251,0.53403,0.54944,0.54701,0.55188
32,0.000002,3,512,0,0,2,3.5,0.05,0.5,0.01,1,0.05,0,500000,0.36479,0.0058496,404,4.1997E-06,0.53313,0.53236,0.53389,0.54917,0.54672,0.55162
32,0.000002,3,512,0,0,2,3.5,0.05,0.5,0.01,1,0.05,0,500000,0.36479,0.0058496,405,4.2101E-06,0.53298,0.53221,0.53376,0.54887,0.5464,0.55133
32,0.000002,3,512,0,0,2,3.5,0.05,0.5,0.01,1,0.05,0,500000,0.36479,0.0058496,406,4.2205E-06,0.53284,0.53205,0.53362,0.54854,0.54606,0.55102
32,0.000002,3,512,0,0,2,3.5,0.05,0.5,0.01,1,0.05,0,500000,0.36479,0.0058496,407,4.2309E-06,0.53269,0.5319,0.53348,0.54819,0.54569,0.55069
32,0.000002,3,512,0,0,2,3.5,0.05,0.5,0.01,1,0.05,0,500000,0.36479,0.0058496,408,4.2413E-06,0.53255,0.53175,0.53335,0.54782,0.5453,0.55034
32,0.000002,3,512,0,0,2,3.5,0.05,0.5,0.01,1,0.05,0,500000,0.36479,0.0058496,409,4.2517E-06,0.5324,0.5316,0.53321,0.54743,0.54489,0.54997
32,0.000002,3,512,0,0,2,3.5,0.05,0.5,0.01,1,0.05,0,500000,0.36479,0.0058496,410,4.2621E-06,0.53226,0.53145,0.53307,0.54701,0.54446,0.54957
32,0.000002,3,512,0,0,2,3.5,0.05,0.5,0.01,1,0.05,0,500000,0.36479,0.0058496,411,4.2725E-06,0.53212,0.5313,0.53294,0.54657,0.544,0.54915
32,0.000002,3,512,0,0,2,3.5,0.05,0.5,0.01,1,0.05,0,500000,0.36479,0.0058496,412,4.2829E-06,0.53197,0.53114,0.5328,0.54611,0.54352,0.5487
32,0.000002,3,512,0,0,2,3.5,0.05,0.5,0.01,1,0.05,0,500000,0.36479,0.0058496,413,4.2933E-06,0.53183,0.53099,0.53266,0.54563,0.54302,0.54824
32,0.000002,3,512,0,0,2,3.5,0.05,0.5,0.01,1,0.05,0,500000,0.36479,0.0058496,414,4.3037E-06,0.53168,0.53084,0.53253,0.54513,0.5425,0.54776
32,0.000002,3,512,0,0,2,3.5,0.05,0.5,0.01,1,0.05,0,500000,0.36479,0.0058496,415,4.3141E-06,0.53154,0.53069,0.53239,0.54462,0.54197,0.54727
32,0.000002,3,512,0,0,2,3.5,0.05,0.5,0.01,1,0.05,0,500000,0.36479,0.0058496,416,4.3244E-06,0.5314,0.53054,0.53226,0.54409,0.54142,0.54676
32,0.000002,3,512,0,0,2,3.5,0.05,0.5,0.01,1,0.05,0,500000,0.36479,0.0058496,417,4.3348E-06,0.53125,0.53039,0.53212,0.54355,0.54086,0.54623
32,0.000002,3,512,0,0,2,3.5,0.05,0.5,0.01,1,0.05,0,500000,0.36479,0.0058496,418,4.3452E-06,0.53111,0.53024,0.53199,0.54298,0.54028,0.54569
32,0.000002,3,512,0,0,2,3.5,0.05,0.5,0.01,1,0.05,0,500000,0.36479,0.0058496,419,4.3556E-06,0.53097,0.53008,0.53185,0.54241,0.53968,0.54513
32,0.000002,3,512,0,0,2,3.5,0.05,0.5,0.01,1,0.05,0,500000,0.36479,0.0058496,420,0.000004366,0.53083,0.52993,0.53172,0.54181,0.53908,0.54455
32,0.000002,3,512,0,0,2,3.5,0.05,0.5,0.01,1,0.05,0,500000,0.36479,0.0058496,421,4.3764E-06,0.53068,0.52978,0.53159,0.54121,0.53846,0.54396
32,0.000002,3,512,0,0,2,3.5,0.05,0.5,0.01,1,0.05,0,500000,0.36479,0.0058496,422,4.3868E-06,0.53054,0.52963,0.53145,0.5406,0.53783,0.54336
32,0.000002,3,512,0,0,2,3.5,0.05,0.5,0.01,1,0.05,0,500000,0.36479,0.0058496,423,4.3972E-06,0.5304,0.52948,0.53132,0.53997,0.53719,0.54274
32,0.000002,3,512,0,0,2,3.5,0.05,0.5,0.01,1,0.05,0,500000,0.36479,0.0058496,424,4.4076E-06,0.53026,0.52933,0.53118,0.53933,0.53654,0.54212
32,0.000002,3,512,0,0,2,3.5,0.05,0.5,0.01,1,0.05,0,500000,0.36479,0.0058496,425,0.000004418,0.53011,0.52918,0.53105,0.53869,0.53589,0.54149
32,0.000002,3,512,0,0,2,3.5,0.05,0.5,0.01,1,0.05,0,500000,0.36479,0.0058496,426,4.4284E-06,0.52997,0.52903,0.53092,0.53804,0.53523,0.54086
32,0.000002,3,512,0,0,2,3.5,0.05,0.5,0.01,1,0.05,0,500000,0.36479,0.0058496,427,4.4388E-06,0.52983,0.52888,0.53079,0.53739,0.53457,0.54021
32,0.000002,3,512,0,0,2,3.5,0.05,0.5,0.01,1,0.05,0,500000,0.36479,0.0058496,428,4.4492E-06,0.52969,0.52873,0.53065,0.53673,0.5339,0.53956
32,0.000002,3,512,0,0,2,3.5,0.05,0.5,0.01,1,0.05,0,500000,0.36479,0.0058496,429,4.4596E-06,0.52955,0.52858,0.53052,0.53606,0.53322,0.5389
32,0.000002,3,512,0,0,2,3.5,0.05,0.5,0.01,1,0.05,0,500000,0.36479,0.0058496,430,0.00000447,0.52941,0.52843,0.53039,0.53539,0.53255,0.53824
32,0.000002,3,512,0,0,2,3.5,0.05,0.5,0.01,1,0.05,0,500000,0.36479,0.0058496,431,4.4804E-06,0.52927,0.52828,0.53026,0.53472,0.53187,0.53756
32,0.000002,3,512,0,0,2,3.5,0.05,0.5,0.01,1,0.05,0,500000,0.36479,0.0058496,432,4.4908E-06,0.52913,0.52813,0.53012,0.53404,0.53119,0.53689
32,0.000002,3,512,0,0,2,3.5,0.05,0.5,0.01,1,0.05,0,500000,0.36479,0.0058496,433,4.5012E-06,0.52898,0.52798,0.52999,0.53337,0.53051,0.53622
32,0.000002,3,512,0,0,2,3.5,0.05,0.5,0.01,1,0.05,0,500000,0.36479,0.0058496,434,4.5116E-06,0.52884,0.52783,0.52986,0.5327,0.52984,0.53555
32,0.000002,3,512,0,0,2,3.5,0.05,0.5,0.01,1,0.05,0,500000,0.36479,0.0058496,435,0.000004522,0.5287,0.52768,0.52973,0.53202,0.52917,0.53488
32,0.000002,3,512,0,0,2,3.5,0.05,0.5,0.01,1,0.05,0,500000,0.36479,0.0058496,436,4.5324E-06,0.52856,0.52753,0.5296,0.53136,0.5285,0.53421
32,0.000002,3,512,0,0,2,3.5,0.05,0.5,0.01,1,0.05,0,500000,0.36479,0.0058496,437,4.5427E-06,0.52842,0.52738,0.52947,0.53069,0.52783,0.53355
32,0.000002,3,512,0,0,2,3.5,0.05,0.5,0.01,1,0.05,0,500000,0.36479,0.0058496,438,4.5531E-06,0.52828,0.52723,0.52934,0.53003,0.52718,0.53289
32,0.000002,3,512,0,0,2,3.5,0.05,0.5,0.01,1,0.05,0,500000,0.36479,0.0058496,439,4.5635E-06,0.52814,0.52708,0.52921,0.52938,0.52652,0.53223
32,0.000002,3,512,0,0,2,3.5,0.05,0.5,0.01,1,0.05,0,500000,0.36479,0.0058496,440,4.5739E-06,0.528,0.52693,0.52908,0.52873,0.52588,0.53158
32,0.000002,3,512,0,0,2,3.5,0.05,0.5,0.01,1,0.05,0,500000,0.36479,0.0058496,441,4.5843E-06,0.52786,0.52678,0.52895,0.52808,0.52523,0.53092
32,0.000002,3,512,0,0,2,3.5,0.05,0.5,0.01,1,0.05,0,500000,0.36479,0.0058496,442,4.5947E-06,0.52772,0.52663,0.52882,0.52744,0.5246,0.53028
32,0.000002,3,512,0,0,2,3.5,0.05,0.5,0.01,1,0.05,0,500000,0.36479,0.0058496,443,4.6051E-06,0.52758,0.52648,0.52869,0.52681,0.52398,0.52964
32,0.000002,3,512,0,0,2,3.5,0.05,0.5,0.01,1,0.05,0,500000,0.36479,0.0058496,444,4.6155E-06,0.52744,0.52633,0.52856,0.52619,0.52337,0.52902
32,0.000002,3,512,0,0,2,3.5,0.05,0.5,0.01,1,0.05,0,500000,0.36479,0.0058496,445,4.6259E-06,0.5273,0.52618,0.52843,0.52559,0.52277,0.52841
32,0.000002,3,512,0,0,2,3.5,0.05,0.5,0.01,1,0.05,0,500000,0.36479,0.0058496,446,4.6363E-06,0.52717,0.52603,0.5283,0.52499,0.52218,0.5278
32,0.000002,3,512,0,0,2,3.5,0.05,0.5,0.01,1,0.05,0,500000,0.36479,0.0058496,447,4.6467E-06,0.52703,0.52588,0.52817,0.52441,0.5216,0.52721
32,0.000002,3,512,0,0,2,3.5,0.05,0.5,0.01,1,0.05,0,500000,0.36479,0.0058496,448,4.6571E-06,0.52689,0.52573,0.52804,0.52383,0.52103,0.52663
32,0.000002,3,512,0,0,2,3.5,0.05,0.5,0.01,1,0.05,0,500000,0.36479,0.0058496,449,4.6675E-06,0.52675,0.52558,0.52792,0.52327,0.52048,0.52606
32,0.000002,3,512,0,0,2,3.5,0.05,0.5,0.01,1,0.05,0,500000,0.36479,0.0058496,450,4.6779E-06,0.52661,0.52543,0.52779,0.52272,0.51994,0.5255
32,0.000002,3,512,0,0,2,3.5,0.05,0.5,0.01,1,0.05,0,500000,0.36479,0.0058496,451,4.6883E-06,0.52647,0.52529,0.52766,0.52218,0.51941,0.52495
32,0.000002,3,512,0,0,2,3.5,0.05,0.5,0.01,1,0.05,0,500000,0.36479,0.0058496,452,4.6987E-06,0.52633,0.52514,0.52753,0.52166,0.5189,0.52442
32,0.000002,3,512,0,0,2,3.5,0.05,0.5,0.01,1,0.05,0,500000,0.36479,0.0058496,453,4.7091E-06,0.5262,0.52499,0.5274,0.52115,0.5184,0.5239
32,0.000002,3,512,0,0,2,3.5,0.05,0.5,0.01,1,0.05,0,500000,0.36479,0.0058496,454,4.7195E-06,0.52606,0.52484,0.52728,0.52065,0.51792,0.52339
32,0.000002,3,512,0,0,2,3.5,0.05,0.5,0.01,1,0.05,0,500000,0.36479,0.0058496,455,4.7299E-06,0.52592,0.52469,0.52715,0.52018,0.51745,0.52291
32,0.000002,3,512,0,0,2,3.5,0.05,0.5,0.01,1,0.05,0,500000,0.36479,0.0058496,456,4.7403E-06,0.52578,0.52454,0.52702,0.51972,0.517,0.52244
32,0.000002,3,512,0,0,2,3.5,0.05,0.5,0.01,1,0.05,0,500000,0.36479,0.0058496,457,4.7507E-06,0.52564,0.52439,0.52689,0.51928,0.51657,0.52199
32,0.000002,3,512,0,0,2,3.5,0.05,0.5,0.01,1,0.05,0,500000,0.36479,0.0058496,458,0.000004761,0.52551,0.52425,0.52677,0.51886,0.51615,0.52156
32,0.000002,3,512,0,0,2,3.5,0.05,0.5,0.01,1,0.05,0,500000,0.36479,0.0058496,459,4.7714E-06,0.52537,0.5241,0.52664,0.51844,0.51575,0.52114
32,0.000002,3,512,0,0,2,3.5,0.05,0.5,0.01,1,0.05,0,500000,0.36479,0.0058496,460,4.7818E-06,0.52523,0.52395,0.52651,0.51805,0.51537,0.52073
32,0.000002,3,512,0,0,2,3.5,0.05,0.5,0.01,1,0.05,0,500000,0.36479,0.0058496,461,4.7922E-06,0.52509,0.5238,0.52639,0.51767,0.515,0.52034
32,0.000002,3,512,0,0,2,3.5,0.05,0.5,0.01,1,0.05,0,500000,0.36479,0.0058496,462,4.8026E-06,0.52496,0.52365,0.52626,0.5173,0.51464,0.51997
32,0.000002,3,512,0,0,2,3.5,0.05,0.5,0.01,1,0.05,0,500000,0.36479,0.0058496,463,0.000004813,0.52482,0.52351,0.52614,0.51696,0.51431,0.51961
32,0.000002,3,512,0,0,2,3.5,0.05,0.5,0.01,1,0.05,0,500000,0.36479,0.0058496,464,4.8234E-06,0.52468,0.52336,0.52601,0.51663,0.51399,0.51928
32,0.000002,3,512,0,0,2,3.5,0.05,0.5,0.01,1,0.05,0,500000,0.36479,0.0058496,465,4.8338E-06,0.52455,0.52321,0.52588,0.51633,0.51369,0.51896
32,0.000002,3,512,0,0,2,3.5,0.05,0.5,0.01,1,0.05,0,500000,0.36479,0.0058496,466,4.8442E-06,0.52441,0.52306,0.52576,0.51604,0.51341,0.51867
32,0.000002,3,512,0,0,2,3.5,0.05,0.5,0.01,1,0.05,0,500000,0.36479,0.0058496,467,4.8546E-06,0.52427,0.52291,0.52563,0.51577,0.51314,0.51839
32,0.000002,3,512,0,0,2,3.5,0.05,0.5,0.01,1,0.05,0,500000,0.36479,0.0058496,468,0.000004865,0.52414,0.52277,0.52551,0.51551,0.5129,0.51813
32,0.000002,3,512,0,0,2,3.5,0.05,0.5,0.01,1,0.05,0,500000,0.36479,0.0058496,469,4.8754E-06,0.524,0.52262,0.52538,0.51528,0.51266,0.51789
32,0.000002,3,512,0,0,2,3.5,0.05,0.5,0.01,1,0.05,0,500000,0.36479,0.0058496,470,4.8858E-06,0.52387,0.52247,0.52526,0.51506,0.51245,0.51767
32,0.000002,3,512,0,0,2,3.5,0.05,0.5,0.01,1,0.05,0,500000,0.36479,0.0058496,471,4.8962E-06,0.52373,0.52233,0.52514,0.51485,0.51225,0.51746
32,0.000002,3,512,0,0,2,3.5,0.05,0.5,0.01,1,0.05,0,500000,0.36479,0.0058496,472,4.9066E-06,0.52359,0.52218,0.52501,0.51466,0.51206,0.51726
32,0.000002,3,512,0,0,2,3.5,0.05,0.5,0.01,1,0.05,0,500000,0.36479,0.0058496,473,0.000004917,0.52346,0.52203,0.52489,0.51449,0.51189,0.51708
32,0.000002,3,512,0,0,2,3.5,0.05,0.5,0.01,1,0.05,0,500000,0.36479,0.0058496,474,4.9274E-06,0.52332,0.52188,0.52476,0.51433,0.51174,0.51692
32,0.000002,3,512,0,0,2,3.5,0.05,0.5,0.01,1,0.05,0,500000,0.36479,0.0058496,475,4.9378E-06,0.52319,0.52174,0.52464,0.5142,0.51161,0.51679
32,0.000002,3,512,0,0,2,3.5,0.05,0.5,0.01,1,0.05,0,500000,0.36479,0.0058496,476,4.9482E-06,0.52305,0.52159,0.52451,0.51408,0.51149,0.51667
32,0.000002,3,512,0,0,2,3.5,0.05,0.5,0.01,1,0.05,0,500000,0.36479,0.0058496,477,4.9586E-06,0.52292,0.52144,0.52439,0.51398,0.51138,0.51657
32,0.000002,3,512,0,0,2,3.5,0.05,0.5,0.01,1,0.05,0,500000,0.36479,0.0058496,478,0.000004969,0.52278,0.5213,0.52427,0.51389,0.51129,0.51648
32,0.000002,3,512,0,0,2,3.5,0.05,0.5,0.01,1,0.05,0,500000,0.36479,0.0058496,479,4.9794E-06,0.52265,0.52115,0.52414,0.51381,0.51122,0.51641
32,0.000002,3,512,0,0,2,3.5,0.05,0.5,0.01,1,0.05,0,500000,0.36479,0.0058496,480,4.9897E-06,0.52251,0.521,0.52402,0.51375,0.51116,0.51635
32,0.000002,3,512,0,0,2,3.5,0.05,0.5,0.01,1,0.05,0,500000,0.36479,0.0058496,481,5.0001E-06,0.52238,0.52086,0.5239,0.51371,0.5111,0.51631
32,0.000002,3,512,0,0,2,3.5,0.05,0.5,0.01,1,0.05,0,500000,0.36479,0.0058496,482,5.0105E-06,0.52224,0.52071,0.52378,0.51367,0.51107,0.51628
32,0.000002,3,512,0,0,2,3.5,0.05,0.5,0.01,1,0.05,0,500000,0.36479,0.0058496,483,5.0209E-06,0.52211,0.52056,0.52365,0.51365,0.51104,0.51627
32,0.000002,3,512,0,0,2,3.5,0.05,0.5,0.01,1,0.05,0,500000,0.36479,0.0058496,484,5.0313E-06,0.52197,0.52042,0.52353,0.51365,0.51103,0.51626
32,0.000002,3,512,0,0,2,3.5,0.05,0.5,0.01,1,0.05,0,500000,0.36479,0.0058496,485,5.0417E-06,0.52184,0.52027,0.52341,0.51365,0.51103,0.51627
32,0.000002,3,512,0,0,2,3.5,0.05,0.5,0.01,1,0.05,0,500000,0.36479,0.0058496,486,5.0521E-06,0.52171,0.52013,0.52329,0.51367,0.51104,0.5163
32,0.000002,3,512,0,0,2,3.5,0.05,0.5,0.01,1,0.05,0,500000,0.36479,0.0058496,487,5.0625E-06,0.52157,0.51998,0.52317,0.5137,0.51106,0.51633
32,0.000002,3,512,0,0,2,3.5,0.05,0.5,0.01,1,0.05,0,500000,0.36479,0.0058496,488,5.0729E-06,0.52144,0.51983,0.52304,0.51374,0.51109,0.51639
32,0.000002,3,512,0,0,2,3.5,0.05,0.5,0.01,1,0.05,0,500000,0.36479,0.0058496,489,5.0833E-06,0.5213,0.51969,0.52292,0.5138,0.51114,0.51645
32,0.000002,3,512,0,0,2,3.5,0.05,0.5,0.01,1,0.05,0,500000,0.36479,0.0058496,490,5.0937E-06,0.52117,0.51954,0.5228,0.51386,0.51119,0.51653
32,0.000002,3,512,0,0,2,3.5,0.05,0.5,0.01,1,0.05,0,500000,0.36479,0.0058496,491,5.1041E-06,0.52104,0.5194,0.52268,0.51393,0.51125,0.51661
32,0.000002,3,512,0,0,2,3.5,0.05,0.5,0.01,1,0.05,0,500000,0.36479,0.0058496,492,5.1145E-06,0.5209,0.51925,0.52256,0.51401,0.51132,0.5167
32,0.000002,3,512,0,0,2,3.5,0.05,0.5,0.01,1,0.05,0,500000,0.36479,0.0058496,493,5.1249E-06,0.52077,0.5191,0.52244,0.51409,0.51139,0.5168
32,0.000002,3,512,0,0,2,3.5,0.05,0.5,0.01,1,0.05,0,500000,0.36479,0.0058496,494,5.1353E-06,0.52064,0.51896,0.52232,0.51419,0.51147,0.5169
32,0.000002,3,512,0,0,2,3.5,0.05,0.5,0.01,1,0.05,0,500000,0.36479,0.0058496,495,5.1457E-06,0.5205,0.51881,0.5222,0.51429,0.51156,0.51702
32,0.000002,3,512,0,0,2,3.5,0.05,0.5,0.01,1,0.05,0,500000,0.36479,0.0058496,496,5.1561E-06,0.52037,0.51867,0.52208,0.51439,0.51165,0.51714
32,0.000002,3,512,0,0,2,3.5,0.05,0.5,0.01,1,0.05,0,500000,0.36479,0.0058496,497,5.1665E-06,0.52024,0.51852,0.52196,0.51451,0.51175,0.51726
32,0.000002,3,512,0,0,2,3.5,0.05,0.5,0.01,1,0.05,0,500000,0.36479,0.0058496,498,5.1769E-06,0.52011,0.51838,0.52183,0.51463,0.51186,0.5174
32,0.000002,3,512,0,0,2,3.5,0.05,0.5,0.01,1,0.05,0,500000,0.36479,0.0058496,499,5.1873E-06,0.51997,0.51823,0.52171,0.51475,0.51197,0.51754
32,0.000002,3,512,0,0,2,3.5,0.05,0.5,0.01,1,0.05,0,500000,0.36479,0.0058496,500,5.1977E-06,0.51984,0.51809,0.5216,0.51489,0.51209,0.51768
32,0.000002,3,512,0,0,2,3.5,0.05,0.5,0.01,1,0.05,0,500000,0.36479,0.0058496,501,0.000005208,0.51971,0.51794,0.52148,0.51502,0.51221,0.51783
32,0.000002,3,512,0,0,2,3.5,0.05,0.5,0.01,1,0.05,0,500000,0.36479,0.0058496,502,5.2184E-06,0.51958,0.5178,0.52136,0.51516,0.51233,0.51798
32,0.000002,3,512,0,0,2,3.5,0.05,0.5,0.01,1,0.05,0,500000,0.36479,0.0058496,503,5.2288E-06,0.51944,0.51765,0.52124,0.5153,0.51246,0.51814
32,0.000002,3,512,0,0,2,3.5,0.05,0.5,0.01,1,0.05,0,500000,0.36479,0.0058496,504,5.2392E-06,0.51931,0.51751,0.52112,0.51544,0.51258,0.5183
32,0.000002,3,512,0,0,2,3.5,0.05,0.5,0.01,1,0.05,0,500000,0.36479,0.0058496,505,5.2496E-06,0.51918,0.51736,0.521,0.51558,0.51271,0.51845
32,0.000002,3,512,0,0,2,3.5,0.05,0.5,0.01,1,0.05,0,500000,0.36479,0.0058496,506,0.00000526,0.51905,0.51722,0.52088,0.51571,0.51283,0.5186
32,0.000002,3,512,0,0,2,3.5,0.05,0.5,0.01,1,0.05,0,500000,0.36479,0.0058496,507,5.2704E-06,0.51892,0.51708,0.52076,0.51585,0.51296,0.51875
32,0.000002,3,512,0,0,2,3.5,0.05,0.5,0.01,1,0.05,0,500000,0.36479,0.0058496,508,5.2808E-06,0.51879,0.51693,0.52064,0.516,0.51309,0.51891
32,0.000002,3,512,0,0,2,3.5,0.05,0.5,0.01,1,0.05,0,500000,0.36479,0.0058496,509,5.2912E-06,0.51865,0.51679,0.52052,0.51614,0.51322,0.51907
32,0.000002,3,512,0,0,2,3.5,0.05,0.5,0.01,1,0.05,0,500000,0.36479,0.0058496,510,5.3016E-06,0.51852,0.51664,0.5204,0.51629,0.51335,0.51922
32,0.000002,3,512,0,0,2,3.5,0.05,0.5,0.01,1,0.05,0,500000,0.36479,0.0058496,511,0.000005312,0.51839,0.5165,0.52029,0.51643,0.51348,0.51938
