Date,Temp,PrevTemp
0,,20.7
1,20.7,17.9
2,17.9,18.8
3,18.8,14.6
4,14.6,15.8
5,15.8,15.8
6,15.8,15.8
7,15.8,17.4
8,17.4,21.8
9,21.8,20.0
10,20.0,16.2
11,16.2,13.3
12,13.3,16.7
13,16.7,21.5
14,21.5,25.0
15,25.0,20.7
16,20.7,20.6
17,20.6,24.8
18,24.8,17.7
19,17.7,15.5
20,15.5,18.2
21,18.2,12.1
22,12.1,14.4
23,14.4,16.0
24,16.0,16.5
25,16.5,18.7
26,18.7,19.4
27,19.4,17.2
28,17.2,15.5
29,15.5,15.1
30,15.1,15.4
31,15.4,15.3
32,15.3,18.8
33,18.8,21.9
34,21.9,19.9
35,19.9,16.6
36,16.6,16.8
37,16.8,14.6
38,14.6,17.1
39,17.1,25.0
40,25.0,15.0
41,15.0,13.7
42,13.7,13.9
43,13.9,18.3
44,18.3,22.0
45,22.0,22.1
46,22.1,21.2
47,21.2,18.4
48,18.4,16.6
49,16.6,16.1
50,16.1,15.7
51,15.7,16.6
52,16.6,16.5
53,16.5,14.4
54,14.4,14.4
55,14.4,18.5
56,18.5,16.9
57,16.9,17.5
58,17.5,21.2
59,21.2,17.8
60,17.8,18.6
61,18.6,17.0
62,17.0,16.0
63,16.0,13.3
64,13.3,14.3
65,14.3,11.4
66,11.4,16.3
67,16.3,16.1
68,16.1,11.8
69,11.8,12.2
70,12.2,14.7
71,14.7,11.8
72,11.8,11.3
73,11.3,10.6
74,10.6,11.7
75,11.7,14.2
76,14.2,11.2
77,11.2,16.9
78,16.9,16.7
79,16.7,8.1
80,8.1,8.0
81,8.0,8.8
82,8.8,13.4
83,13.4,10.9
84,10.9,13.4
85,13.4,11.0
86,11.0,15.0
87,15.0,15.7
88,15.7,14.5
89,14.5,15.8
90,15.8,16.7
91,16.7,16.8
92,16.8,17.5
93,17.5,17.1
94,17.1,18.1
95,18.1,16.6
96,16.6,10.0
97,10.0,14.9
98,14.9,15.9
99,15.9,13.0
100,13.0,7.6
101,7.6,11.5
102,11.5,13.5
103,13.5,13.0
104,13.0,13.3
105,13.3,12.1
106,12.1,12.4
107,12.4,13.2
108,13.2,13.8
109,13.8,10.6
110,10.6,9.0
111,9.0,10.0
112,10.0,9.8
113,9.8,11.5
114,11.5,8.9
115,8.9,7.4
116,7.4,9.9
117,9.9,9.3
118,9.3,9.9
119,9.9,7.4
120,7.4,8.6
121,8.6,11.9
122,11.9,14.0
123,14.0,8.6
124,8.6,10.0
125,10.0,13.5
126,13.5,12.0
127,12.0,10.5
128,10.5,10.7
129,10.7,8.1
130,8.1,10.1
131,10.1,10.6
132,10.6,5.3
133,5.3,6.6
134,6.6,8.5
135,8.5,11.2
136,11.2,9.8
137,9.8,5.9
138,5.9,3.2
139,3.2,2.1
140,2.1,3.4
141,3.4,5.4
142,5.4,9.6
143,9.6,11.5
144,11.5,12.3
145,12.3,12.6
146,12.6,11.0
147,11.0,11.2
148,11.2,11.4
149,11.4,11.8
150,11.8,12.8
151,12.8,11.6
152,11.6,10.6
153,10.6,9.8
154,9.8,11.2
155,11.2,5.7
156,5.7,7.1
157,7.1,2.5
158,2.5,3.5
159,3.5,4.6
160,4.6,11.0
161,11.0,5.7
162,5.7,7.7
163,7.7,10.4
164,10.4,11.4
165,11.4,9.2
166,9.2,6.1
167,6.1,2.7
168,2.7,4.3
169,4.3,6.3
170,6.3,3.8
171,3.8,4.4
172,4.4,7.1
173,7.1,4.8
174,4.8,5.8
175,5.8,6.2
176,6.2,7.3
177,7.3,9.2
178,9.2,10.2
179,10.2,9.5
180,9.5,9.5
181,9.5,10.7
182,10.7,10.0
183,10.0,6.5
184,6.5,7.0
185,7.0,7.4
186,7.4,8.1
187,8.1,6.6
188,6.6,8.3
189,8.3,8.9
190,8.9,4.6
191,4.6,6.8
192,6.8,5.7
193,5.7,6.1
194,6.1,7.0
195,7.0,7.2
196,7.2,6.3
197,6.3,8.8
198,8.8,5.0
199,5.0,7.4
200,7.4,10.1
201,10.1,12.0
202,12.0,9.0
203,9.0,8.9
204,8.9,9.8
205,9.8,9.0
206,9.0,9.2
207,9.2,7.7
208,7.7,8.0
209,8.0,6.1
210,6.1,3.5
211,3.5,3.2
212,3.2,5.7
213,5.7,7.7
214,7.7,9.0
215,9.0,10.0
216,10.0,6.2
217,6.2,6.9
218,6.9,6.5
219,6.5,6.8
220,6.8,7.0
221,7.0,5.2
222,5.2,3.0
223,3.0,5.6
224,5.6,7.9
225,7.9,9.0
226,9.0,8.6
227,8.6,10.3
228,10.3,10.5
229,10.5,7.6
230,7.6,9.7
231,9.7,12.5
232,12.5,7.4
233,7.4,7.9
234,7.9,3.9
235,3.9,6.6
236,6.6,4.6
237,4.6,7.0
238,7.0,6.0
239,6.0,5.5
240,5.5,8.1
241,8.1,5.5
242,5.5,6.2
243,6.2,8.0
244,8.0,10.3
245,10.3,9.8
246,9.8,9.6
247,9.6,8.5
248,8.5,7.5
249,7.5,11.2
250,11.2,14.6
251,14.6,11.7
252,11.7,7.8
253,7.8,12.3
254,12.3,10.1
255,10.1,11.5
256,11.5,7.3
257,7.3,10.9
258,10.9,14.1
259,14.1,10.7
260,10.7,16.9
261,16.9,10.5
262,10.5,6.5
263,6.5,11.0
264,11.0,6.3
265,6.3,10.5
266,10.5,7.2
267,7.2,7.6
268,7.6,10.7
269,10.7,7.8
270,7.8,9.6
271,9.6,11.4
272,11.4,12.4
273,12.4,8.9
274,8.9,13.2
275,13.2,8.6
276,8.6,6.2
277,6.2,11.4
278,11.4,13.2
279,13.2,14.3
280,14.3,7.3
281,7.3,12.9
282,12.9,7.8
283,7.8,6.2
284,6.2,5.6
285,5.6,10.0
286,10.0,13.3
287,13.3,8.3
288,8.3,10.2
289,10.2,8.6
290,8.6,7.3
291,7.3,10.4
292,10.4,11.2
293,11.2,13.2
294,13.2,11.4
295,11.4,9.1
296,9.1,6.6
297,6.6,8.4
298,8.4,9.7
299,9.7,13.2
300,13.2,12.5
301,12.5,11.0
302,11.0,11.0
303,11.0,11.7
304,11.7,9.2
305,9.2,11.5
306,11.5,13.6
307,13.6,13.7
308,13.7,10.4
309,10.4,11.5
310,11.5,7.6
311,7.6,9.6
312,9.6,14.2
313,14.2,15.7
314,15.7,10.5
315,10.5,10.5
316,10.5,9.7
317,9.7,9.5
318,9.5,11.3
319,11.3,8.9
320,8.9,9.4
321,9.4,11.9
322,11.9,11.7
323,11.7,13.4
324,13.4,12.6
325,12.6,10.1
326,10.1,15.8
327,15.8,13.6
328,13.6,11.9
329,11.9,9.9
330,9.9,12.6
331,12.6,17.8
332,17.8,15.0
333,15.0,13.6
334,13.6,13.4
335,13.4,10.5
336,10.5,14.2
337,14.2,11.5
338,11.5,13.0
339,13.0,15.0
340,15.0,14.7
341,14.7,12.6
342,12.6,12.5
343,12.5,13.5
344,13.5,14.8
345,14.8,17.2
346,17.2,9.7
347,9.7,12.1
348,12.1,12.8
349,12.8,11.2
350,11.2,16.4
351,16.4,15.6
352,15.6,13.3
353,13.3,11.0
354,11.0,11.1
355,11.1,15.0
356,15.0,12.8
357,12.8,15.0
358,15.0,14.2
359,14.2,14.0
360,14.0,15.5
361,15.5,13.3
362,13.3,15.6
363,15.6,15.2
364,15.2,17.4
365,17.4,17.0
366,17.0,15.0
367,15.0,13.5
368,13.5,15.2
369,15.2,13.0
370,13.0,12.5
371,12.5,14.1
372,14.1,14.8
373,14.8,16.2
374,16.2,15.8
375,15.8,19.1
376,19.1,22.2
377,22.2,15.9
378,15.9,13.0
379,13.0,14.1
380,14.1,15.8
381,15.8,24.0
382,24.0,18.0
383,18.0,19.7
384,19.7,25.2
385,25.2,20.5
386,20.5,19.3
387,19.3,15.8
388,15.8,17.0
389,17.0,18.4
390,18.4,13.3
391,13.3,14.6
392,14.6,12.5
393,12.5,17.0
394,17.0,17.1
395,17.1,14.0
396,14.0,14.6
397,14.6,13.3
398,13.3,14.8
399,14.8,15.1
400,15.1,13.1
401,13.1,13.6
402,13.6,19.5
403,19.5,22.7
404,22.7,17.2
405,17.2,13.5
406,13.5,15.4
407,15.4,17.0
408,17.0,19.2
409,19.2,22.8
410,22.8,26.3
411,26.3,18.2
412,18.2,17.0
413,17.0,14.8
414,14.8,12.8
415,12.8,15.5
416,15.5,15.6
417,15.6,13.1
418,13.1,15.2
419,15.2,14.1
420,14.1,12.5
421,12.5,14.6
422,14.6,10.4
423,10.4,13.9
424,13.9,11.9
425,11.9,13.5
426,13.5,9.8
427,9.8,14.0
428,14.0,21.5
429,21.5,19.5
430,19.5,16.7
431,16.7,19.1
432,19.1,11.0
433,11.0,9.0
434,9.0,10.0
435,10.0,14.6
436,14.6,12.5
437,12.5,17.2
438,17.2,19.2
439,19.2,22.2
440,22.2,15.7
441,15.7,14.2
442,14.2,9.8
443,9.8,14.0
444,14.0,17.5
445,17.5,20.7
446,20.7,15.6
447,15.6,13.2
448,13.2,14.5
449,14.5,16.8
450,16.8,17.2
451,17.2,13.4
452,13.4,14.2
453,14.2,14.3
454,14.3,10.2
455,10.2,10.4
456,10.4,12.3
457,12.3,11.9
458,11.9,11.2
459,11.2,8.5
460,8.5,12.0
461,12.0,12.4
462,12.4,12.9
463,12.9,10.1
464,10.1,15.0
465,15.0,13.6
466,13.6,12.4
467,12.4,13.6
468,13.6,16.1
469,16.1,19.5
470,19.5,14.2
471,14.2,9.3
472,9.3,10.1
473,10.1,7.4
474,7.4,8.6
475,8.6,7.8
476,7.8,9.1
477,9.1,13.0
478,13.0,16.5
479,16.5,12.9
480,12.9,6.9
481,6.9,6.9
482,6.9,8.7
483,8.7,10.0
484,10.0,10.8
485,10.8,7.5
486,7.5,6.3
487,6.3,11.9
488,11.9,13.8
489,13.8,11.8
490,11.8,11.0
491,11.0,10.1
492,10.1,8.5
493,8.5,5.5
494,5.5,7.6
495,7.6,8.7
496,8.7,10.8
497,10.8,11.2
498,11.2,9.1
499,9.1,3.7
500,3.7,4.6
501,4.6,6.6
502,6.6,13.2
503,13.2,15.2
504,15.2,7.6
505,7.6,8.4
506,8.4,6.0
507,6.0,8.3
508,8.3,8.6
509,8.6,11.1
510,11.1,12.1
511,12.1,12.9
512,12.9,14.0
513,14.0,12.5
514,12.5,11.5
515,11.5,7.0
516,7.0,7.1
517,7.1,9.0
518,9.0,3.1
519,3.1,2.5
520,2.5,0.0
521,0.0,1.6
522,1.6,2.6
523,2.6,5.7
524,5.7,2.3
525,2.3,4.5
526,4.5,8.2
527,8.2,6.9
528,6.9,7.3
529,7.3,6.0
530,6.0,7.3
531,7.3,7.6
532,7.6,8.0
533,8.0,8.0
534,8.0,6.8
535,6.8,7.3
536,7.3,6.2
537,6.2,6.9
538,6.9,8.9
539,8.9,4.0
540,4.0,1.3
541,1.3,0.8
542,0.8,4.3
543,4.3,7.3
544,7.3,7.7
545,7.7,9.0
546,9.0,4.2
547,4.2,1.6
548,1.6,2.6
549,2.6,3.4
550,3.4,3.9
551,3.9,7.0
552,7.0,7.8
553,7.8,5.3
554,5.3,2.4
555,2.4,2.8
556,2.8,4.0
557,4.0,7.5
558,7.5,7.8
559,7.8,5.6
560,5.6,3.3
561,3.3,5.0
562,5.0,3.7
563,3.7,3.9
564,3.9,5.2
565,5.2,0.2
566,0.2,0.8
567,0.8,0.9
568,0.9,3.5
569,3.5,6.6
570,6.6,9.5
571,9.5,9.0
572,9.0,3.5
573,3.5,4.5
574,4.5,5.7
575,5.7,5.6
576,5.6,7.1
577,7.1,9.7
578,9.7,8.3
579,8.3,9.1
580,9.1,2.8
581,2.8,2.2
582,2.2,4.5
583,4.5,3.8
584,3.8,3.8
585,3.8,6.2
586,6.2,11.5
587,11.5,10.2
588,10.2,7.9
589,7.9,9.0
590,9.0,9.5
591,9.5,6.0
592,6.0,8.2
593,8.2,9.2
594,9.2,4.3
595,4.3,6.6
596,6.6,9.4
597,9.4,13.2
598,13.2,6.6
599,6.6,5.1
600,5.1,12.1
601,12.1,11.2
602,11.2,8.5
603,8.5,4.6
604,4.6,7.0
605,7.0,14.2
606,14.2,12.7
607,12.7,7.6
608,7.6,4.0
609,4.0,10.0
610,10.0,10.5
611,10.5,5.0
612,5.0,4.5
613,4.5,8.2
614,8.2,4.3
615,4.3,9.8
616,9.8,5.8
617,5.8,5.0
618,5.0,8.5
619,8.5,9.0
620,9.0,3.6
621,3.6,6.7
622,6.7,6.7
623,6.7,10.1
624,10.1,15.0
625,15.0,8.9
626,8.9,5.7
627,5.7,4.2
628,4.2,4.0
629,4.0,5.3
630,5.3,6.3
631,6.3,8.5
632,8.5,11.5
633,11.5,7.7
634,7.7,9.2
635,9.2,7.8
636,7.8,6.3
637,6.3,6.3
638,6.3,8.6
639,8.6,6.1
640,6.1,13.2
641,13.2,9.9
642,9.9,4.7
643,4.7,5.8
644,5.8,14.9
645,14.9,10.7
646,10.7,8.6
647,8.6,9.4
648,9.4,5.7
649,5.7,10.9
650,10.9,13.1
651,13.1,10.4
652,10.4,8.2
653,8.2,9.8
654,9.8,7.5
655,7.5,5.8
656,5.8,9.8
657,9.8,7.9
658,7.9,8.7
659,8.7,10.0
660,10.0,10.6
661,10.6,8.0
662,8.0,10.2
663,10.2,15.1
664,15.1,13.9
665,13.9,9.2
666,9.2,9.0
667,9.0,13.2
668,13.2,7.0
669,7.0,10.6
670,10.6,6.9
671,6.9,9.5
672,9.5,12.5
673,12.5,13.6
674,13.6,17.7
675,17.7,16.0
676,16.0,11.3
677,11.3,10.5
678,10.5,14.4
679,14.4,10.3
680,10.3,9.0
681,9.0,11.1
682,11.1,14.5
683,14.5,18.0
684,18.0,12.8
685,12.8,10.7
686,10.7,9.1
687,9.1,8.7
688,8.7,12.4
689,12.4,12.6
690,12.6,10.3
691,10.3,13.7
692,13.7,16.0
693,16.0,15.8
694,15.8,12.1
695,12.1,12.5
696,12.5,12.2
697,12.2,13.7
698,13.7,16.1
699,16.1,15.5
700,15.5,10.3
701,10.3,10.5
702,10.5,11.0
703,11.0,11.9
704,11.9,13.0
705,13.0,12.2
706,12.2,10.6
707,10.6,13.0
708,13.0,13.0
709,13.0,12.2
710,12.2,12.6
711,12.6,18.7
712,18.7,15.2
713,15.2,15.3
714,15.3,13.9
715,13.9,15.8
716,15.8,13.0
717,13.0,13.0
718,13.0,13.7
719,13.7,12.0
720,12.0,10.8
721,10.8,15.6
722,15.6,15.3
723,15.3,13.9
724,13.9,13.0
725,13.0,15.3
726,15.3,16.3
727,16.3,15.8
728,15.8,17.7
729,17.7,16.3
730,16.3,18.4
731,18.4,15.0
732,15.0,10.9
733,10.9,11.4
734,11.4,14.8
735,14.8,12.1
736,12.1,12.8
737,12.8,16.2
738,16.2,15.5
739,15.5,13.0
740,13.0,10.5
741,10.5,9.1
742,9.1,10.5
743,10.5,11.8
744,11.8,12.7
745,12.7,12.7
746,12.7,11.5
747,11.5,13.8
748,13.8,13.3
749,13.3,11.6
750,11.6,15.4
751,15.4,12.4
752,12.4,16.9
753,16.9,14.7
754,14.7,10.6
755,10.6,15.6
756,15.6,10.7
757,10.7,12.6
758,12.6,13.8
759,13.8,14.3
760,14.3,14.0
761,14.0,18.1
762,18.1,17.3
763,17.3,13.0
764,13.0,16.0
765,16.0,14.9
766,14.9,16.2
767,16.2,20.3
768,20.3,22.5
769,22.5,17.2
770,17.2,15.9
771,15.9,16.8
772,16.8,13.8
773,13.8,12.8
774,12.8,14.0
775,14.0,17.5
776,17.5,21.5
777,21.5,16.8
778,16.8,13.6
779,13.6,14.5
780,14.5,14.2
781,14.2,15.7
782,15.7,19.7
783,19.7,17.4
784,17.4,14.4
785,14.4,16.9
786,16.9,19.1
787,19.1,20.4
788,20.4,20.1
789,20.1,19.9
790,19.9,22.0
791,22.0,20.5
792,20.5,22.1
793,22.1,20.6
794,20.6,15.0
795,15.0,20.6
796,20.6,21.5
797,21.5,16.2
798,16.2,14.1
799,14.1,14.5
800,14.5,21.1
801,21.1,15.9
802,15.9,15.2
803,15.2,13.1
804,13.1,13.2
805,13.2,12.5
806,12.5,15.2
807,15.2,17.6
808,17.6,15.5
809,15.5,16.7
810,16.7,16.3
811,16.3,15.1
812,15.1,12.7
813,12.7,10.0
814,10.0,11.4
815,11.4,12.6
816,12.6,10.7
817,10.7,10.0
818,10.0,13.9
819,13.9,13.4
820,13.4,12.5
821,12.5,12.8
822,12.8,7.8
823,7.8,11.1
824,11.1,10.7
825,10.7,7.1
826,7.1,6.7
827,6.7,5.7
828,5.7,9.1
829,9.1,15.2
830,15.2,15.5
831,15.5,11.1
832,11.1,11.7
833,11.7,11.5
834,11.5,9.8
835,9.8,6.2
836,6.2,6.7
837,6.7,7.5
838,7.5,8.8
839,8.8,8.0
840,8.0,10.4
841,10.4,14.5
842,14.5,16.5
843,16.5,14.1
844,14.1,10.5
845,10.5,12.6
846,12.6,13.0
847,13.0,8.7
848,8.7,10.1
849,10.1,12.0
850,12.0,12.5
851,12.5,13.5
852,13.5,13.7
853,13.7,13.5
854,13.5,10.7
855,10.7,13.0
856,13.0,11.6
857,11.6,13.0
858,13.0,11.2
859,11.2,13.5
860,13.5,12.9
861,12.9,6.8
862,6.8,10.0
863,10.0,14.5
864,14.5,11.7
865,11.7,6.7
866,6.7,4.6
867,4.6,4.9
868,4.9,7.4
869,7.4,8.3
870,8.3,7.5
871,7.5,6.2
872,6.2,7.8
873,7.8,13.2
874,13.2,11.9
875,11.9,6.5
876,6.5,8.3
877,8.3,12.1
878,12.1,9.3
879,9.3,7.5
880,7.5,9.3
881,9.3,11.0
882,11.0,10.8
883,10.8,5.3
884,5.3,7.6
885,7.6,5.6
886,5.6,7.2
887,7.2,9.6
888,9.6,7.0
889,7.0,8.3
890,8.3,7.8
891,7.8,4.7
892,4.7,6.8
893,6.8,7.2
894,7.2,8.3
895,8.3,9.5
896,9.5,4.7
897,4.7,3.0
898,3.0,1.5
899,1.5,2.5
900,2.5,6.2
901,6.2,11.6
902,11.6,6.6
903,6.6,6.6
904,6.6,8.0
905,8.0,7.9
906,7.9,3.3
907,3.3,3.9
908,3.9,6.0
909,6.0,4.0
910,4.0,5.5
911,5.5,8.5
912,8.5,9.8
913,9.8,9.5
914,9.5,7.2
915,7.2,8.1
916,8.1,8.0
917,8.0,8.5
918,8.5,8.8
919,8.8,8.3
920,8.3,2.4
921,2.4,4.9
922,4.9,5.9
923,5.9,6.7
924,6.7,8.4
925,8.4,6.5
926,6.5,7.9
927,7.9,4.1
928,4.1,5.4
929,5.4,7.5
930,7.5,3.9
931,3.9,2.5
932,2.5,5.3
933,5.3,6.6
934,6.6,0.0
935,0.0,0.7
936,0.7,7.6
937,7.6,12.3
938,12.3,9.2
939,9.2,9.6
940,9.6,9.5
941,9.5,10.0
942,10.0,7.7
943,7.7,8.0
944,8.0,8.3
945,8.3,8.3
946,8.3,4.5
947,4.5,6.5
948,6.5,9.4
949,9.4,9.4
950,9.4,10.5
951,10.5,10.7
952,10.7,9.9
953,9.9,7.6
954,7.6,5.8
955,5.8,8.5
956,8.5,13.8
957,13.8,14.3
958,14.3,8.3
959,8.3,5.3
960,5.3,3.0
961,3.0,5.2
962,5.2,10.3
963,10.3,11.1
964,11.1,10.5
965,10.5,9.0
966,9.0,13.0
967,13.0,6.4
968,6.4,8.4
969,8.4,6.7
970,6.7,8.3
971,8.3,11.2
972,11.2,10.0
973,10.0,10.1
974,10.1,10.6
975,10.6,10.9
976,10.9,5.7
977,5.7,9.5
978,9.5,10.4
979,10.4,11.1
980,11.1,12.2
981,12.2,10.6
982,10.6,8.8
983,8.8,9.2
984,9.2,5.5
985,5.5,7.1
986,7.1,6.5
987,6.5,4.3
988,4.3,5.0
989,5.0,11.2
990,11.2,7.5
991,7.5,12.0
992,12.0,13.6
993,13.6,8.3
994,8.3,8.5
995,8.5,12.9
996,12.9,7.7
997,7.7,7.6
998,7.6,3.5
999,3.5,10.4
1000,10.4,15.4
1001,15.4,10.6
1002,10.6,9.6
1003,9.6,9.3
1004,9.3,13.9
1005,13.9,7.7
1006,7.7,9.5
1007,9.5,7.6
1008,7.6,6.9
1009,6.9,6.8
1010,6.8,5.8
1011,5.8,6.0
1012,6.0,8.3
1013,8.3,9.1
1014,9.1,12.5
1015,12.5,13.2
1016,13.2,16.2
1017,16.2,12.5
1018,12.5,11.8
1019,11.8,10.6
1020,10.6,10.0
1021,10.0,12.2
1022,12.2,8.9
1023,8.9,10.3
1024,10.3,7.5
1025,7.5,11.6
1026,11.6,12.6
1027,12.6,12.9
1028,12.9,11.7
1029,11.7,14.0
1030,14.0,12.3
1031,12.3,9.0
1032,9.0,9.2
1033,9.2,9.8
1034,9.8,11.8
1035,11.8,10.6
1036,10.6,12.6
1037,12.6,11.0
1038,11.0,8.2
1039,8.2,7.5
1040,7.5,13.6
1041,13.6,14.8
1042,14.8,10.9
1043,10.9,7.7
1044,7.7,10.2
1045,10.2,10.8
1046,10.8,10.8
1047,10.8,12.5
1048,12.5,13.2
1049,13.2,8.7
1050,8.7,5.7
1051,5.7,9.8
1052,9.8,7.3
1053,7.3,10.8
1054,10.8,10.0
1055,10.0,16.2
1056,16.2,15.0
1057,15.0,14.5
1058,14.5,15.9
1059,15.9,14.9
1060,14.9,14.2
1061,14.2,15.8
1062,15.8,17.2
1063,17.2,17.6
1064,17.6,12.1
1065,12.1,11.4
1066,11.4,13.0
1067,13.0,13.2
1068,13.2,12.0
1069,12.0,15.3
1070,15.3,12.7
1071,12.7,12.1
1072,12.1,13.8
1073,13.8,10.9
1074,10.9,12.0
1075,12.0,16.5
1076,16.5,15.0
1077,15.0,11.2
1078,11.2,13.9
1079,13.9,15.0
1080,15.0,14.8
1081,14.8,15.0
1082,15.0,13.3
1083,13.3,20.4
1084,20.4,18.0
1085,18.0,12.2
1086,12.2,16.7
1087,16.7,13.8
1088,13.8,17.5
1089,17.5,15.0
1090,15.0,13.9
1091,13.9,11.1
1092,11.1,16.1
1093,16.1,20.4
1094,20.4,18.0
1095,18.0,19.5
1096,19.5,17.1
1097,17.1,17.1
1098,17.1,12.0
1099,12.0,11.0
1100,11.0,16.3
1101,16.3,16.1
1102,16.1,13.0
1103,13.0,13.4
1104,13.4,15.2
1105,15.2,12.5
1106,12.5,14.3
1107,14.3,16.5
1108,16.5,18.6
1109,18.6,18.0
1110,18.0,18.2
1111,18.2,11.4
1112,11.4,11.9
1113,11.9,12.2
1114,12.2,14.8
1115,14.8,13.1
1116,13.1,12.7
1117,12.7,10.5
1118,10.5,13.8
1119,13.8,18.8
1120,18.8,13.9
1121,13.9,11.2
1122,11.2,10.6
1123,10.6,14.7
1124,14.7,13.1
1125,13.1,12.1
1126,12.1,14.7
1127,14.7,11.1
1128,11.1,13.0
1129,13.0,15.6
1130,15.6,14.2
1131,14.2,15.5
1132,15.5,18.0
1133,18.0,15.0
1134,15.0,15.9
1135,15.9,15.5
1136,15.5,15.8
1137,15.8,16.6
1138,16.6,13.6
1139,13.6,13.8
1140,13.8,14.6
1141,14.6,15.6
1142,15.6,16.6
1143,16.6,14.3
1144,14.3,16.3
1145,16.3,18.9
1146,18.9,18.7
1147,18.7,14.5
1148,14.5,16.5
1149,16.5,14.1
1150,14.1,13.5
1151,13.5,11.7
1152,11.7,15.1
1153,15.1,11.2
1154,11.2,13.5
1155,13.5,12.6
1156,12.6,8.8
1157,8.8,10.5
1158,10.5,12.1
1159,12.1,14.5
1160,14.5,19.5
1161,19.5,14.0
1162,14.0,13.8
1163,13.8,10.5
1164,10.5,13.8
1165,13.8,11.4
1166,11.4,15.6
1167,15.6,11.1
1168,11.1,12.1
1169,12.1,14.2
1170,14.2,10.9
1171,10.9,14.2
1172,14.2,13.8
1173,13.8,15.1
1174,15.1,14.0
1175,14.0,12.1
1176,12.1,13.8
1177,13.8,16.6
1178,16.6,17.8
1179,17.8,9.4
1180,9.4,10.2
1181,10.2,7.4
1182,7.4,8.7
1183,8.7,14.0
1184,14.0,15.3
1185,15.3,11.1
1186,11.1,9.7
1187,9.7,10.3
1188,10.3,9.2
1189,9.2,8.2
1190,8.2,9.7
1191,9.7,12.4
1192,12.4,12.5
1193,12.5,9.0
1194,9.0,9.7
1195,9.7,10.1
1196,10.1,11.2
1197,11.2,12.0
1198,12.0,11.1
1199,11.1,10.8
1200,10.8,12.8
1201,12.8,9.8
1202,9.8,13.7
1203,13.7,11.0
1204,11.0,13.2
1205,13.2,13.0
1206,13.0,10.2
1207,10.2,13.2
1208,13.2,9.3
1209,9.3,11.1
1210,11.1,10.3
1211,10.3,8.7
1212,8.7,11.7
1213,11.7,12.5
1214,12.5,6.5
1215,6.5,9.6
1216,9.6,13.8
1217,13.8,14.7
1218,14.7,9.1
1219,9.1,4.8
1220,4.8,3.3
1221,3.3,3.5
1222,3.5,5.7
1223,5.7,5.5
1224,5.5,7.0
1225,7.0,9.5
1226,9.5,9.9
1227,9.9,4.9
1228,4.9,6.3
1229,6.3,4.8
1230,4.8,6.2
1231,6.2,7.1
1232,7.1,7.5
1233,7.5,9.4
1234,9.4,8.7
1235,8.7,9.5
1236,9.5,12.1
1237,12.1,9.5
1238,9.5,9.3
1239,9.3,8.5
1240,8.5,8.0
1241,8.0,9.8
1242,9.8,6.2
1243,6.2,7.3
1244,7.3,10.9
1245,10.9,10.0
1246,10.0,8.7
1247,8.7,9.0
1248,9.0,10.8
1249,10.8,12.4
1250,12.4,7.2
1251,7.2,7.2
1252,7.2,11.1
1253,11.1,9.3
1254,9.3,10.1
1255,10.1,3.9
1256,3.9,5.0
1257,5.0,8.2
1258,8.2,2.8
1259,2.8,4.3
1260,4.3,8.1
1261,8.1,11.1
1262,11.1,4.7
1263,4.7,5.3
1264,5.3,10.0
1265,10.0,5.6
1266,5.6,2.2
1267,2.2,7.1
1268,7.1,8.3
1269,8.3,8.6
1270,8.6,10.1
1271,10.1,8.3
1272,8.3,7.2
1273,7.2,7.7
1274,7.7,7.8
1275,7.8,9.1
1276,9.1,9.4
1277,9.4,7.8
1278,7.8,2.6
1279,2.6,2.4
1280,2.4,3.9
1281,3.9,1.3
1282,1.3,2.1
1283,2.1,7.4
1284,7.4,7.2
1285,7.2,8.8
1286,8.8,8.9
1287,8.9,8.8
1288,8.8,8.0
1289,8.0,0.7
1290,0.7,0.1
1291,0.1,0.9
1292,0.9,7.8
1293,7.8,7.2
1294,7.2,8.0
1295,8.0,4.6
1296,4.6,5.2
1297,5.2,5.8
1298,5.8,6.8
1299,6.8,8.1
1300,8.1,7.5
1301,7.5,5.4
1302,5.4,4.6
1303,4.6,6.4
1304,6.4,9.7
1305,9.7,7.0
1306,7.0,10.0
1307,10.0,10.6
1308,10.6,11.5
1309,11.5,10.2
1310,10.2,11.1
1311,11.1,11.0
1312,11.0,8.9
1313,8.9,9.9
1314,9.9,11.7
1315,11.7,11.6
1316,11.6,9.0
1317,9.0,6.3
1318,6.3,8.7
1319,8.7,8.5
1320,8.5,8.5
1321,8.5,8.0
1322,8.0,6.0
1323,6.0,8.0
1324,8.0,8.5
1325,8.5,7.7
1326,7.7,8.4
1327,8.4,9.0
1328,9.0,8.3
1329,8.3,6.8
1330,6.8,9.3
1331,9.3,6.7
1332,6.7,9.0
1333,9.0,7.3
1334,7.3,6.3
1335,6.3,7.9
1336,7.9,5.2
1337,5.2,9.0
1338,9.0,11.3
1339,11.3,9.2
1340,9.2,11.3
1341,11.3,7.0
1342,7.0,8.0
1343,8.0,4.6
1344,4.6,8.5
1345,8.5,9.5
1346,9.5,9.4
1347,9.4,10.5
1348,10.5,9.7
1349,9.7,4.9
1350,4.9,8.0
1351,8.0,5.8
1352,5.8,5.5
1353,5.5,10.9
1354,10.9,11.7
1355,11.7,9.2
1356,9.2,8.9
1357,8.9,11.3
1358,11.3,8.6
1359,8.6,6.2
1360,6.2,6.6
1361,6.6,9.1
1362,9.1,6.1
1363,6.1,7.5
1364,7.5,10.7
1365,10.7,6.3
1366,6.3,5.5
1367,5.5,6.7
1368,6.7,4.2
1369,4.2,11.3
1370,11.3,16.3
1371,16.3,10.5
1372,10.5,10.3
1373,10.3,7.9
1374,7.9,7.7
1375,7.7,16.0
1376,16.0,14.6
1377,14.6,12.5
1378,12.5,8.1
1379,8.1,12.2
1380,12.2,17.2
1381,17.2,9.4
1382,9.4,8.7
1383,8.7,5.9
1384,5.9,4.8
1385,4.8,7.4
1386,7.4,9.4
1387,9.4,9.7
1388,9.7,9.9
1389,9.9,6.5
1390,6.5,9.8
1391,9.8,18.2
1392,18.2,11.3
1393,11.3,9.1
1394,9.1,9.6
1395,9.6,13.5
1396,13.5,10.7
1397,10.7,10.0
1398,10.0,8.5
1399,8.5,12.6
1400,12.6,16.6
1401,16.6,11.6
1402,11.6,12.2
1403,12.2,11.2
1404,11.2,9.2
1405,9.2,9.9
1406,9.9,11.9
1407,11.9,15.6
1408,15.6,19.0
1409,19.0,12.8
1410,12.8,12.2
1411,12.2,12.0
1412,12.0,11.1
1413,11.1,11.8
1414,11.8,7.6
1415,7.6,13.0
1416,13.0,12.7
1417,12.7,16.0
1418,16.0,14.8
1419,14.8,14.2
1420,14.2,10.0
1421,10.0,8.8
1422,8.8,11.6
1423,11.6,8.6
1424,8.6,14.6
1425,14.6,24.3
1426,24.3,11.6
1427,11.6,10.8
1428,10.8,12.0
1429,12.0,11.0
1430,11.0,12.6
1431,12.6,10.8
1432,10.8,9.1
1433,9.1,11.0
1434,11.0,13.0
1435,13.0,12.8
1436,12.8,9.9
1437,9.9,11.6
1438,11.6,10.5
1439,10.5,15.9
1440,15.9,12.2
1441,12.2,13.0
1442,13.0,12.5
1443,12.5,12.5
1444,12.5,11.4
1445,11.4,12.1
1446,12.1,16.8
1447,16.8,12.1
1448,12.1,11.3
1449,11.3,10.4
1450,10.4,14.2
1451,14.2,11.4
1452,11.4,13.7
1453,13.7,16.5
1454,16.5,12.8
1455,12.8,12.2
1456,12.2,12.0
1457,12.0,12.6
1458,12.6,16.0
1459,16.0,16.4
1460,16.4,13.3
1461,13.3,15.2
1462,15.2,13.1
1463,13.1,12.7
1464,12.7,14.6
1465,14.6,11.0
1466,11.0,13.2
1467,13.2,12.2
1468,12.2,14.4
1469,14.4,13.7
1470,13.7,14.5
1471,14.5,14.1
1472,14.1,14.4
1473,14.4,19.7
1474,19.7,16.5
1475,16.5,15.9
1476,15.9,11.8
1477,11.8,12.0
1478,12.0,11.4
1479,11.4,14.4
1480,14.4,12.4
1481,12.4,15.1
1482,15.1,15.6
1483,15.6,15.2
1484,15.2,12.8
1485,12.8,13.3
1486,13.3,17.5
1487,17.5,15.4
1488,15.4,13.5
1489,13.5,16.7
1490,16.7,15.2
1491,15.2,14.9
1492,14.9,10.2
1493,10.2,13.6
1494,13.6,19.0
1495,19.0,15.7
1496,15.7,18.0
1497,18.0,14.8
1498,14.8,13.9
1499,13.9,13.0
1500,13.0,15.3
1501,15.3,14.3
1502,14.3,15.6
1503,15.6,16.0
1504,16.0,14.9
1505,14.9,11.1
1506,11.1,14.8
1507,14.8,13.0
1508,13.0,12.2
1509,12.2,10.9
1510,10.9,14.6
1511,14.6,16.6
1512,16.6,18.1
1513,18.1,13.4
1514,13.4,10.3
1515,10.3,13.6
1516,13.6,13.8
1517,13.8,10.3
1518,10.3,11.0
1519,11.0,14.3
1520,14.3,15.5
1521,15.5,14.7
1522,14.7,12.7
1523,12.7,10.7
1524,10.7,12.6
1525,12.6,9.8
1526,9.8,13.2
1527,13.2,15.2
1528,15.2,16.6
1529,16.6,21.0
1530,21.0,22.4
1531,22.4,17.0
1532,17.0,21.7
1533,21.7,21.4
1534,21.4,18.6
1535,18.6,16.2
1536,16.2,16.8
1537,16.8,17.0
1538,17.0,18.4
1539,18.4,17.2
1540,17.2,18.4
1541,18.4,18.8
1542,18.8,16.5
1543,16.5,13.3
1544,13.3,12.2
1545,12.2,11.3
1546,11.3,13.8
1547,13.8,16.6
1548,16.6,14.0
1549,14.0,14.3
1550,14.3,16.4
1551,16.4,11.9
1552,11.9,15.7
1553,15.7,17.6
1554,17.6,17.5
1555,17.5,15.9
1556,15.9,16.2
1557,16.2,16.0
1558,16.0,15.9
1559,15.9,16.2
1560,16.2,16.2
1561,16.2,19.5
1562,19.5,18.2
1563,18.2,21.8
1564,21.8,15.1
1565,15.1,11.0
1566,11.0,8.1
1567,8.1,9.5
1568,9.5,9.3
1569,9.3,10.6
1570,10.6,6.3
1571,6.3,8.6
1572,8.6,6.8
1573,6.8,8.7
1574,8.7,8.4
1575,8.4,9.3
1576,9.3,10.0
1577,10.0,10.5
1578,10.5,12.0
1579,12.0,10.1
1580,10.1,9.4
1581,9.4,10.1
1582,10.1,8.0
1583,8.0,10.6
1584,10.6,13.6
1585,13.6,15.4
1586,15.4,9.0
1587,9.0,10.4
1588,10.4,11.0
1589,11.0,12.1
1590,12.1,13.4
1591,13.4,11.3
1592,11.3,6.7
1593,6.7,9.8
1594,9.8,10.8
1595,10.8,7.8
1596,7.8,4.5
1597,4.5,7.6
1598,7.6,6.9
1599,6.9,7.5
1600,7.5,8.5
1601,8.5,5.5
1602,5.5,9.5
1603,9.5,7.3
1604,7.3,5.4
1605,5.4,5.5
1606,5.5,8.1
1607,8.1,11.2
1608,11.2,13.4
1609,13.4,11.6
1610,11.6,10.1
1611,10.1,4.3
1612,4.3,5.5
1613,5.5,4.4
1614,4.4,5.9
1615,5.9,5.7
1616,5.7,8.2
1617,8.2,8.2
1618,8.2,4.2
1619,4.2,6.5
1620,6.5,10.0
1621,10.0,8.8
1622,8.8,6.6
1623,6.6,7.8
1624,7.8,10.1
1625,10.1,7.1
1626,7.1,7.7
1627,7.7,8.5
1628,8.5,7.3
1629,7.3,6.9
1630,6.9,8.4
1631,8.4,7.1
1632,7.1,6.3
1633,6.3,0.6
1634,0.6,1.6
1635,1.6,7.0
1636,7.0,8.3
1637,8.3,8.0
1638,8.0,10.2
1639,10.2,10.6
1640,10.6,10.4
1641,10.4,11.6
1642,11.6,11.0
1643,11.0,10.7
1644,10.7,7.3
1645,7.3,4.2
1646,4.2,4.7
1647,4.7,5.6
1648,5.6,7.7
1649,7.7,7.5
1650,7.5,4.9
1651,4.9,5.9
1652,5.9,7.8
1653,7.8,5.8
1654,5.8,7.0
1655,7.0,8.4
1656,8.4,6.2
1657,6.2,7.5
1658,7.5,4.8
1659,4.8,3.3
1660,3.3,3.2
1661,3.2,7.0
1662,7.0,8.4
1663,8.4,0.3
1664,0.3,0.3
1665,0.3,2.1
1666,2.1,8.5
1667,8.5,1.4
1668,1.4,4.1
1669,4.1,10.3
1670,10.3,6.6
1671,6.6,6.1
1672,6.1,7.0
1673,7.0,5.1
1674,5.1,6.3
1675,6.3,6.9
1676,6.9,11.4
1677,11.4,10.4
1678,10.4,10.3
1679,10.3,9.2
1680,9.2,7.2
1681,7.2,7.5
1682,7.5,4.0
1683,4.0,5.6
1684,5.6,6.7
1685,6.7,8.4
1686,8.4,11.0
1687,11.0,8.4
1688,8.4,8.8
1689,8.8,8.6
1690,8.6,8.3
1691,8.3,4.0
1692,4.0,3.6
1693,3.6,5.7
1694,5.7,10.6
1695,10.6,6.9
1696,6.9,10.0
1697,10.0,9.8
1698,9.8,7.2
1699,7.2,10.5
1700,10.5,3.6
1701,3.6,5.3
1702,5.3,8.4
1703,8.4,10.3
1704,10.3,7.9
1705,7.9,8.5
1706,8.5,7.9
1707,7.9,8.0
1708,8.0,9.8
1709,9.8,6.7
1710,6.7,4.8
1711,4.8,9.9
1712,9.9,12.8
1713,12.8,10.9
1714,10.9,11.7
1715,11.7,11.7
1716,11.7,11.0
1717,11.0,8.2
1718,8.2,7.5
1719,7.5,5.4
1720,5.4,7.2
1721,7.2,9.7
1722,9.7,8.4
1723,8.4,9.0
1724,9.0,8.7
1725,8.7,6.6
1726,6.6,11.6
1727,11.6,13.1
1728,13.1,6.7
1729,6.7,6.5
1730,6.5,7.7
1731,7.7,8.7
1732,8.7,7.2
1733,7.2,10.5
1734,10.5,8.6
1735,8.6,7.2
1736,7.2,11.4
1737,11.4,16.2
1738,16.2,6.1
1739,6.1,9.6
1740,9.6,11.1
1741,11.1,13.6
1742,13.6,10.7
1743,10.7,14.7
1744,14.7,11.6
1745,11.6,7.3
1746,7.3,8.0
1747,8.0,9.6
1748,9.6,16.0
1749,16.0,15.1
1750,15.1,12.8
1751,12.8,6.2
1752,6.2,7.1
1753,7.1,8.4
1754,8.4,10.0
1755,10.0,12.7
1756,12.7,10.0
1757,10.0,10.2
1758,10.2,6.5
1759,6.5,9.2
1760,9.2,11.9
1761,11.9,14.7
1762,14.7,11.4
1763,11.4,6.8
1764,6.8,7.4
1765,7.4,11.2
1766,11.2,9.2
1767,9.2,12.6
1768,12.6,16.0
1769,16.0,17.1
1770,17.1,15.3
1771,15.3,13.3
1772,13.3,15.4
1773,15.4,13.2
1774,13.2,14.4
1775,14.4,14.0
1776,14.0,15.5
1777,15.5,21.0
1778,21.0,10.0
1779,10.0,9.6
1780,9.6,12.0
1781,12.0,12.2
1782,12.2,11.3
1783,11.3,13.2
1784,13.2,10.5
1785,10.5,10.1
1786,10.1,8.8
1787,8.8,13.7
1788,13.7,16.2
1789,16.2,16.0
1790,16.0,14.0
1791,14.0,13.7
1792,13.7,12.5
1793,12.5,12.8
1794,12.8,12.3
1795,12.3,15.2
1796,15.2,15.0
1797,15.0,16.4
1798,16.4,16.1
1799,16.1,14.6
1800,14.6,18.2
1801,18.2,16.4
1802,16.4,16.6
1803,16.6,14.7
1804,14.7,15.8
1805,15.8,14.1
1806,14.1,13.5
1807,13.5,13.6
1808,13.6,13.7
1809,13.7,13.6
1810,13.6,12.1
1811,12.1,12.7
1812,12.7,13.3
1813,13.3,14.2
1814,14.2,15.0
1815,15.0,13.7
1816,13.7,12.0
1817,12.0,13.1
1818,13.1,13.2
1819,13.2,13.3
1820,13.3,11.5
1821,11.5,10.8
1822,10.8,12.0
1823,12.0,16.3
1824,16.3,14.4
1825,14.4,12.9
1826,12.9,13.8
1827,13.8,10.6
1828,10.6,12.6
1829,12.6,13.7
1830,13.7,12.6
1831,12.6,13.1
1832,13.1,15.4
1833,15.4,11.9
1834,11.9,13.8
1835,13.8,14.4
1836,14.4,15.2
1837,15.2,12.5
1838,12.5,12.2
1839,12.2,16.1
1840,16.1,14.6
1841,14.6,11.6
1842,11.6,13.1
1843,13.1,12.8
1844,12.8,15.2
1845,15.2,13.8
1846,13.8,15.0
1847,15.0,13.5
1848,13.5,11.8
1849,11.8,15.3
1850,15.3,13.5
1851,13.5,15.3
1852,15.3,13.8
1853,13.8,15.8
1854,15.8,17.4
1855,17.4,15.3
1856,15.3,14.6
1857,14.6,14.8
1858,14.8,10.7
1859,10.7,11.6
1860,11.6,13.6
1861,13.6,14.4
1862,14.4,11.8
1863,11.8,15.8
1864,15.8,16.0
1865,16.0,11.8
1866,11.8,14.5
1867,14.5,10.7
1868,10.7,14.2
1869,14.2,19.5
1870,19.5,21.4
1871,21.4,17.9
1872,17.9,17.4
1873,17.4,12.7
1874,12.7,13.8
1875,13.8,14.0
1876,14.0,15.0
1877,15.0,14.5
1878,14.5,13.1
1879,13.1,11.4
1880,11.4,12.5
1881,12.5,12.0
1882,12.0,13.4
1883,13.4,14.4
1884,14.4,17.7
1885,17.7,13.9
1886,13.9,13.3
1887,13.3,14.6
1888,14.6,16.4
1889,16.4,16.8
1890,16.8,20.0
1891,20.0,12.5
1892,12.5,12.7
1893,12.7,11.7
1894,11.7,12.7
1895,12.7,8.6
1896,8.6,11.9
1897,11.9,16.0
1898,16.0,15.2
1899,15.2,13.4
1900,13.4,11.6
1901,11.6,11.1
1902,11.1,15.6
1903,15.6,17.0
1904,17.0,18.5
1905,18.5,17.4
1906,17.4,16.5
1907,16.5,16.2
1908,16.2,16.1
1909,16.1,13.2
1910,13.2,18.0
1911,18.0,12.8
1912,12.8,11.7
1913,11.7,16.7
1914,16.7,15.6
1915,15.6,10.2
1916,10.2,10.3
1917,10.3,15.0
1918,15.0,18.0
1919,18.0,13.8
1920,13.8,10.5
1921,10.5,11.8
1922,11.8,7.2
1923,7.2,11.6
1924,11.6,7.4
1925,7.4,14.2
1926,14.2,12.2
1927,12.2,9.0
1928,9.0,12.3
1929,12.3,19.7
1930,19.7,12.8
1931,12.8,12.4
1932,12.4,12.0
1933,12.0,12.0
1934,12.0,11.1
1935,11.1,12.7
1936,12.7,14.2
1937,14.2,11.6
1938,11.6,12.0
1939,12.0,11.5
1940,11.5,8.3
1941,8.3,10.5
1942,10.5,9.0
1943,9.0,6.9
1944,6.9,9.4
1945,9.4,11.1
1946,11.1,9.1
1947,9.1,7.7
1948,7.7,10.0
1949,10.0,10.4
1950,10.4,8.0
1951,8.0,9.8
1952,9.8,12.4
1953,12.4,12.9
1954,12.9,12.3
1955,12.3,6.9
1956,6.9,10.5
1957,10.5,11.0
1958,11.0,9.7
1959,9.7,11.1
1960,11.1,11.5
1961,11.5,13.4
1962,13.4,10.9
1963,10.9,12.0
1964,12.0,12.1
1965,12.1,10.4
1966,10.4,10.0
1967,10.0,9.6
1968,9.6,11.3
1969,11.3,8.5
1970,8.5,6.3
1971,6.3,8.2
1972,8.2,10.7
1973,10.7,10.3
1974,10.3,9.5
1975,9.5,10.9
1976,10.9,10.9
1977,10.9,4.3
1978,4.3,5.2
1979,5.2,11.0
1980,11.0,11.6
1981,11.6,10.6
1982,10.6,9.4
1983,9.4,10.0
1984,10.0,9.6
1985,9.6,9.5
1986,9.5,9.7
1987,9.7,9.6
1988,9.6,7.0
1989,7.0,7.0
1990,7.0,6.8
1991,6.8,6.9
1992,6.9,8.0
1993,8.0,7.6
1994,7.6,8.6
1995,8.6,5.7
1996,5.7,5.5
1997,5.5,5.7
1998,5.7,5.7
1999,5.7,6.6
2000,6.6,6.0
2001,6.0,6.9
2002,6.9,7.7
2003,7.7,8.0
2004,8.0,3.9
2005,3.9,0.8
2006,0.8,2.8
2007,2.8,8.0
2008,8.0,9.8
2009,9.8,11.4
2010,11.4,8.6
2011,8.6,5.2
2012,5.2,6.6
2013,6.6,5.7
2014,5.7,4.6
2015,4.6,5.8
2016,5.8,7.0
2017,7.0,4.8
2018,4.8,4.4
2019,4.4,4.4
2020,4.4,7.9
2021,7.9,10.6
2022,10.6,5.0
2023,5.0,7.6
2024,7.6,9.2
2025,9.2,9.7
2026,9.7,8.8
2027,8.8,6.8
2028,6.8,9.4
2029,9.4,11.0
2030,11.0,2.5
2031,2.5,2.1
2032,2.1,5.4
2033,5.4,6.2
2034,6.2,7.8
2035,7.8,7.4
2036,7.4,9.3
2037,9.3,9.3
2038,9.3,9.5
2039,9.5,8.5
2040,8.5,10.0
2041,10.0,7.7
2042,7.7,9.3
2043,9.3,9.1
2044,9.1,3.5
2045,3.5,3.6
2046,3.6,2.5
2047,2.5,1.7
2048,1.7,2.7
2049,2.7,2.9
2050,2.9,5.3
2051,5.3,7.7
2052,7.7,9.1
2053,9.1,9.4
2054,9.4,7.3
2055,7.3,8.4
2056,8.4,9.2
2057,9.2,6.6
2058,6.6,9.7
2059,9.7,12.4
2060,12.4,10.2
2061,10.2,5.9
2062,5.9,7.1
2063,7.1,7.5
2064,7.5,9.7
2065,9.7,12.2
2066,12.2,5.6
2067,5.6,5.4
2068,5.4,8.3
2069,8.3,10.6
2070,10.6,9.1
2071,9.1,11.3
2072,11.3,10.9
2073,10.9,8.9
2074,8.9,6.3
2075,6.3,9.0
2076,9.0,6.1
2077,6.1,9.1
2078,9.1,9.6
2079,9.6,6.0
2080,6.0,10.0
2081,10.0,11.0
2082,11.0,6.2
2083,6.2,8.3
2084,8.3,11.3
2085,11.3,11.3
2086,11.3,6.7
2087,6.7,6.6
2088,6.6,11.4
2089,11.4,6.9
2090,6.9,10.6
2091,10.6,8.6
2092,8.6,11.3
2093,11.3,12.5
2094,12.5,9.9
2095,9.9,6.9
2096,6.9,5.5
2097,5.5,7.8
2098,7.8,11.0
2099,11.0,16.2
2100,16.2,9.9
2101,9.9,8.7
2102,8.7,10.5
2103,10.5,12.2
2104,12.2,10.6
2105,10.6,8.3
2106,8.3,5.5
2107,5.5,9.0
2108,9.0,6.4
2109,6.4,7.2
2110,7.2,12.9
2111,12.9,12.0
2112,12.0,7.3
2113,7.3,9.7
2114,9.7,8.4
2115,8.4,14.7
2116,14.7,9.5
2117,9.5,7.9
2118,7.9,6.8
2119,6.8,12.6
2120,12.6,5.2
2121,5.2,7.5
2122,7.5,8.7
2123,8.7,7.6
2124,7.6,9.0
2125,9.0,7.2
2126,7.2,10.7
2127,10.7,13.1
2128,13.1,13.9
2129,13.9,10.8
2130,10.8,10.4
2131,10.4,9.1
2132,9.1,16.0
2133,16.0,21.0
2134,21.0,16.2
2135,16.2,8.6
2136,8.6,9.2
2137,9.2,12.5
2138,12.5,9.7
2139,9.7,12.5
2140,12.5,10.3
2141,10.3,12.0
2142,12.0,11.0
2143,11.0,14.8
2144,14.8,15.0
2145,15.0,15.3
2146,15.3,10.3
2147,10.3,10.7
2148,10.7,10.5
2149,10.5,8.9
2150,8.9,8.1
2151,8.1,11.5
2152,11.5,12.8
2153,12.8,9.1
2154,9.1,14.6
2155,14.6,11.6
2156,11.6,11.2
2157,11.2,12.6
2158,12.6,7.5
2159,7.5,11.0
2160,11.0,14.5
2161,14.5,18.5
2162,18.5,15.4
2163,15.4,13.1
2164,13.1,16.3
2165,16.3,20.2
2166,20.2,11.5
2167,11.5,12.4
2168,12.4,10.9
2169,10.9,12.7
2170,12.7,12.2
2171,12.2,12.4
2172,12.4,9.8
2173,9.8,8.5
2174,8.5,14.7
2175,14.7,12.0
2176,12.0,10.3
2177,10.3,11.0
2178,11.0,10.2
2179,10.2,12.6
2180,12.6,11.6
2181,11.6,9.7
2182,9.7,13.4
2183,13.4,10.5
2184,10.5,14.7
2185,14.7,14.6
2186,14.6,14.2
2187,14.2,13.2
2188,13.2,11.7
2189,11.7,17.2
2190,17.2,12.3
2191,12.3,13.8
2192,13.8,15.3
2193,15.3,15.6
2194,15.6,16.2
2195,16.2,16.3
2196,16.3,16.8
2197,16.8,11.0
2198,11.0,8.5
2199,8.5,13.2
2200,13.2,13.0
2201,13.0,12.4
2202,12.4,13.0
2203,13.0,16.6
2204,16.6,12.0
2205,12.0,12.4
2206,12.4,15.0
2207,15.0,11.8
2208,11.8,11.6
2209,11.6,12.2
2210,12.2,13.7
2211,13.7,11.2
2212,11.2,12.4
2213,12.4,11.5
2214,11.5,13.8
2215,13.8,15.7
2216,15.7,12.9
2217,12.9,11.5
2218,11.5,11.0
2219,11.0,12.7
2220,12.7,14.9
2221,14.9,16.5
2222,16.5,12.8
2223,12.8,12.7
2224,12.7,12.7
2225,12.7,11.6
2226,11.6,13.3
2227,13.3,15.2
2228,15.2,16.4
2229,16.4,11.9
2230,11.9,15.1
2231,15.1,10.6
2232,10.6,13.6
2233,13.6,12.1
2234,12.1,16.0
2235,16.0,16.8
2236,16.8,16.6
2237,16.6,15.6
2238,15.6,15.2
2239,15.2,17.7
2240,17.7,21.0
2241,21.0,13.4
2242,13.4,10.5
2243,10.5,9.5
2244,9.5,12.0
2245,12.0,10.4
2246,10.4,11.5
2247,11.5,13.2
2248,13.2,15.0
2249,15.0,14.1
2250,14.1,12.4
2251,12.4,13.4
2252,13.4,12.5
2253,12.5,14.3
2254,14.3,17.6
2255,17.6,10.4
2256,10.4,9.9
2257,9.9,10.2
2258,10.2,11.3
2259,11.3,9.5
2260,9.5,11.8
2261,11.8,11.5
2262,11.5,10.5
2263,10.5,10.8
2264,10.8,13.0
2265,13.0,18.5
2266,18.5,18.7
2267,18.7,15.0
2268,15.0,13.0
2269,13.0,11.3
2270,11.3,13.0
2271,13.0,13.3
2272,13.3,11.0
2273,11.0,10.3
2274,10.3,13.0
2275,13.0,12.3
2276,12.3,15.6
2277,15.6,10.2
2278,10.2,10.8
2279,10.8,12.0
2280,12.0,13.3
2281,13.3,11.7
2282,11.7,12.5
2283,12.5,13.7
2284,13.7,14.9
2285,14.9,20.2
2286,20.2,16.3
2287,16.3,13.9
2288,13.9,10.1
2289,10.1,7.3
2290,7.3,14.0
2291,14.0,17.7
2292,17.7,16.3
2293,16.3,10.6
2294,10.6,9.7
2295,9.7,7.8
2296,7.8,10.4
2297,10.4,10.4
2298,10.4,14.1
2299,14.1,7.1
2300,7.1,8.1
2301,8.1,7.8
2302,7.8,10.6
2303,10.6,9.1
2304,9.1,9.0
2305,9.0,11.9
2306,11.9,17.1
2307,17.1,16.8
2308,16.8,13.5
2309,13.5,11.6
2310,11.6,7.0
2311,7.0,9.7
2312,9.7,9.9
2313,9.9,11.2
2314,11.2,11.3
2315,11.3,11.8
2316,11.8,9.9
2317,9.9,7.1
2318,7.1,9.6
2319,9.6,9.8
2320,9.8,10.6
2321,10.6,12.8
2322,12.8,16.5
2323,16.5,11.7
2324,11.7,12.3
2325,12.3,12.2
2326,12.2,11.8
2327,11.8,10.7
2328,10.7,10.2
2329,10.2,10.0
2330,10.0,8.3
2331,8.3,6.6
2332,6.6,9.5
2333,9.5,12.3
2334,12.3,7.6
2335,7.6,9.3
2336,9.3,5.0
2337,5.0,4.3
2338,4.3,6.4
2339,6.4,10.8
2340,10.8,7.8
2341,7.8,8.5
2342,8.5,9.7
2343,9.7,10.0
2344,10.0,11.0
2345,11.0,10.2
2346,10.2,6.6
2347,6.6,6.1
2348,6.1,5.9
2349,5.9,8.9
2350,8.9,13.0
2351,13.0,12.6
2352,12.6,5.4
2353,5.4,6.0
2354,6.0,7.8
2355,7.8,9.0
2356,9.0,4.2
2357,4.2,3.0
2358,3.0,4.5
2359,4.5,6.2
2360,6.2,11.9
2361,11.9,11.8
2362,11.8,9.4
2363,9.4,9.6
2364,9.6,9.4
2365,9.4,7.0
2366,7.0,8.9
2367,8.9,9.3
2368,9.3,6.8
2369,6.8,7.5
2370,7.5,8.0
2371,8.0,8.3
2372,8.3,2.7
2373,2.7,3.9
2374,3.9,4.1
2375,4.1,5.0
2376,5.0,5.8
2377,5.8,4.4
2378,4.4,4.1
2379,4.1,5.8
2380,5.8,9.1
2381,9.1,7.9
2382,7.9,5.0
2383,5.0,2.8
2384,2.8,4.7
2385,4.7,8.9
2386,8.9,5.4
2387,5.4,7.1
2388,7.1,9.0
2389,9.0,9.4
2390,9.4,6.3
2391,6.3,7.0
2392,7.0,6.4
2393,6.4,6.7
2394,6.7,1.5
2395,1.5,2.9
2396,2.9,4.8
2397,4.8,6.3
2398,6.3,5.7
2399,5.7,7.0
2400,7.0,8.8
2401,8.8,8.7
2402,8.7,9.0
2403,9.0,9.6
2404,9.6,8.0
2405,8.0,8.4
2406,8.4,8.1
2407,8.1,9.0
2408,9.0,5.3
2409,5.3,8.9
2410,8.9,8.7
2411,8.7,4.9
2412,4.9,7.0
2413,7.0,7.5
2414,7.5,7.0
2415,7.0,9.1
2416,9.1,11.8
2417,11.8,9.9
2418,9.9,5.6
2419,5.6,4.2
2420,4.2,4.3
2421,4.3,8.0
2422,8.0,5.1
2423,5.1,9.4
2424,9.4,9.1
2425,9.1,9.7
2426,9.7,10.6
2427,10.6,8.6
2428,8.6,10.1
2429,10.1,11.0
2430,11.0,9.7
2431,9.7,5.0
2432,5.0,6.1
2433,6.1,5.4
2434,5.4,5.8
2435,5.8,7.3
2436,7.3,6.3
2437,6.3,4.8
2438,4.8,7.6
2439,7.6,8.1
2440,8.1,9.5
2441,9.5,10.3
2442,10.3,7.0
2443,7.0,9.0
2444,9.0,10.2
2445,10.2,6.8
2446,6.8,9.3
2447,9.3,9.8
2448,9.8,10.7
2449,10.7,7.8
2450,7.8,9.2
2451,9.2,15.0
2452,15.0,7.8
2453,7.8,5.3
2454,5.3,9.5
2455,9.5,7.6
2456,7.6,14.0
2457,14.0,14.9
2458,14.9,14.9
2459,14.9,19.2
2460,19.2,17.0
2461,17.0,13.0
2462,13.0,11.2
2463,11.2,9.5
2464,9.5,10.3
2465,10.3,9.3
2466,9.3,11.3
2467,11.3,6.5
2468,6.5,12.0
2469,12.0,8.3
2470,8.3,8.7
2471,8.7,8.7
2472,8.7,10.2
2473,10.2,6.9
2474,6.9,4.9
2475,4.9,10.0
2476,10.0,7.6
2477,7.6,14.5
2478,14.5,13.2
2479,13.2,9.9
2480,9.9,10.1
2481,10.1,11.3
2482,11.3,10.4
2483,10.4,10.9
2484,10.9,9.2
2485,9.2,10.5
2486,10.5,11.4
2487,11.4,13.5
2488,13.5,9.8
2489,9.8,13.1
2490,13.1,9.7
2491,9.7,11.4
2492,11.4,9.9
2493,9.9,14.4
2494,14.4,19.0
2495,19.0,23.0
2496,23.0,15.4
2497,15.4,9.6
2498,9.6,10.8
2499,10.8,12.1
2500,12.1,11.0
2501,11.0,12.6
2502,12.6,14.7
2503,14.7,11.1
2504,11.1,10.1
2505,10.1,11.4
2506,11.4,13.0
2507,13.0,11.9
2508,11.9,9.5
2509,9.5,13.5
2510,13.5,15.2
2511,15.2,18.4
2512,18.4,24.1
2513,24.1,14.1
2514,14.1,10.7
2515,10.7,8.7
2516,8.7,13.3
2517,13.3,11.6
2518,11.6,9.9
2519,9.9,10.8
2520,10.8,11.5
2521,11.5,10.0
2522,10.0,13.9
2523,13.9,13.6
2524,13.6,11.9
2525,11.9,11.1
2526,11.1,8.2
2527,8.2,9.4
2528,9.4,12.7
2529,12.7,11.6
2530,11.6,11.0
2531,11.0,11.3
2532,11.3,13.4
2533,13.4,14.9
2534,14.9,15.2
2535,15.2,13.9
2536,13.9,15.0
2537,15.0,16.2
2538,16.2,17.7
2539,17.7,20.5
2540,20.5,14.7
2541,14.7,12.5
2542,12.5,10.9
2543,10.9,12.8
2544,12.8,12.7
2545,12.7,11.2
2546,11.2,11.4
2547,11.4,11.2
2548,11.2,12.1
2549,12.1,12.7
2550,12.7,16.2
2551,16.2,14.2
2552,14.2,14.3
2553,14.3,13.3
2554,13.3,16.7
2555,16.7,15.3
2556,15.3,14.3
2557,14.3,13.5
2558,13.5,15.0
2559,15.0,13.6
2560,13.6,15.2
2561,15.2,17.0
2562,17.0,18.7
2563,18.7,16.5
2564,16.5,17.4
2565,17.4,18.3
2566,18.3,18.3
2567,18.3,22.4
2568,22.4,21.4
2569,21.4,20.9
2570,20.9,17.6
2571,17.6,15.5
2572,15.5,16.6
2573,16.6,16.2
2574,16.2,15.6
2575,15.6,14.5
2576,14.5,14.0
2577,14.0,15.6
2578,15.6,12.3
2579,12.3,11.6
2580,11.6,12.6
2581,12.6,14.9
2582,14.9,17.3
2583,17.3,21.4
2584,21.4,23.4
2585,23.4,14.4
2586,14.4,14.1
2587,14.1,15.0
2588,15.0,14.5
2589,14.5,15.1
2590,15.1,13.9
2591,13.9,13.4
2592,13.4,9.2
2593,9.2,12.5
2594,12.5,15.1
2595,15.1,12.1
2596,12.1,14.5
2597,14.5,16.3
2598,16.3,16.5
2599,16.5,14.9
2600,14.9,13.2
2601,13.2,11.8
2602,11.8,13.6
2603,13.6,16.2
2604,16.2,14.1
2605,14.1,13.5
2606,13.5,15.0
2607,15.0,14.8
2608,14.8,16.2
2609,16.2,16.2
2610,16.2,13.3
2611,13.3,15.3
2612,15.3,18.4
2613,18.4,16.2
2614,16.2,16.3
2615,16.3,12.4
2616,12.4,15.6
2617,15.6,14.9
2618,14.9,14.8
2619,14.8,12.7
2620,12.7,14.2
2621,14.2,16.8
2622,16.8,16.7
2623,16.7,16.2
2624,16.2,14.5
2625,14.5,10.0
2626,10.0,12.6
2627,12.6,11.9
2628,11.9,11.8
2629,11.8,13.4
2630,13.4,14.5
2631,14.5,15.7
2632,15.7,15.3
2633,15.3,13.9
2634,13.9,13.7
2635,13.7,15.1
2636,15.1,15.6
2637,15.6,14.4
2638,14.4,13.9
2639,13.9,16.2
2640,16.2,16.7
2641,16.7,15.5
2642,15.5,16.4
2643,16.4,17.5
2644,17.5,18.2
2645,18.2,16.1
2646,16.1,16.5
2647,16.5,14.6
2648,14.6,16.4
2649,16.4,13.6
2650,13.6,15.9
2651,15.9,11.9
2652,11.9,14.7
2653,14.7,9.4
2654,9.4,6.6
2655,6.6,7.9
2656,7.9,11.0
2657,11.0,15.7
2658,15.7,15.2
2659,15.2,15.9
2660,15.9,10.6
2661,10.6,8.3
2662,8.3,8.6
2663,8.6,12.7
2664,12.7,10.5
2665,10.5,12.0
2666,12.0,11.1
2667,11.1,13.0
2668,13.0,12.4
2669,12.4,13.3
2670,13.3,15.9
2671,15.9,12.0
2672,12.0,13.7
2673,13.7,17.6
2674,17.6,14.3
2675,14.3,13.7
2676,13.7,15.2
2677,15.2,14.5
2678,14.5,14.9
2679,14.9,15.5
2680,15.5,16.4
2681,16.4,14.5
2682,14.5,12.6
2683,12.6,13.6
2684,13.6,11.2
2685,11.2,11.0
2686,11.0,12.0
2687,12.0,6.8
2688,6.8,10.6
2689,10.6,13.1
2690,13.1,13.5
2691,13.5,11.7
2692,11.7,13.2
2693,13.2,12.0
2694,12.0,10.4
2695,10.4,10.0
2696,10.0,8.2
2697,8.2,9.4
2698,9.4,10.3
2699,10.3,8.1
2700,8.1,8.7
2701,8.7,12.6
2702,12.6,10.9
2703,10.9,8.7
2704,8.7,9.3
2705,9.3,6.3
2706,6.3,7.8
2707,7.8,10.0
2708,10.0,11.0
2709,11.0,11.1
2710,11.1,12.6
2711,12.6,10.2
2712,10.2,11.1
2713,11.1,8.7
2714,8.7,9.5
2715,9.5,9.7
2716,9.7,8.2
2717,8.2,5.0
2718,5.0,6.5
2719,6.5,12.1
2720,12.1,8.9
2721,8.9,6.1
2722,6.1,2.8
2723,2.8,3.7
2724,3.7,6.8
2725,6.8,6.6
2726,6.6,7.0
2727,7.0,7.3
2728,7.3,7.9
2729,7.9,10.6
2730,10.6,8.1
2731,8.1,6.7
2732,6.7,8.0
2733,8.0,10.0
2734,10.0,6.7
2735,6.7,9.4
2736,9.4,9.3
2737,9.3,6.0
2738,6.0,5.8
2739,5.8,4.9
2740,4.9,5.0
2741,5.0,8.4
2742,8.4,12.3
2743,12.3,13.0
2744,13.0,11.4
2745,11.4,6.8
2746,6.8,7.6
2747,7.6,12.4
2748,12.4,7.1
2749,7.1,7.5
2750,7.5,10.0
2751,10.0,5.3
2752,5.3,6.3
2753,6.3,8.0
2754,8.0,8.3
2755,8.3,9.3
2756,9.3,9.5
2757,9.5,5.6
2758,5.6,7.0
2759,7.0,8.5
2760,8.5,8.5
2761,8.5,8.2
2762,8.2,8.5
2763,8.5,9.6
2764,9.6,9.7
2765,9.7,7.1
2766,7.1,8.4
2767,8.4,9.2
2768,9.2,9.8
2769,9.8,8.1
2770,8.1,9.4
2771,9.4,10.0
2772,10.0,5.1
2773,5.1,6.7
2774,6.7,6.9
2775,6.9,6.8
2776,6.8,8.6
2777,8.6,9.1
2778,9.1,3.9
2779,3.9,4.8
2780,4.8,8.4
2781,8.4,11.6
2782,11.6,12.1
2783,12.1,12.4
2784,12.4,10.0
2785,10.0,10.1
2786,10.1,9.7
2787,9.7,11.7
2788,11.7,7.9
2789,7.9,8.6
2790,8.6,7.7
2791,7.7,5.8
2792,5.8,8.7
2793,8.7,10.6
2794,10.6,6.7
2795,6.7,8.8
2796,8.8,9.7
2797,9.7,9.0
2798,9.0,11.8
2799,11.8,15.2
2800,15.2,10.0
2801,10.0,10.5
2802,10.5,5.5
2803,5.5,9.4
2804,9.4,8.8
2805,8.8,5.3
2806,5.3,13.0
2807,13.0,15.2
2808,15.2,13.2
2809,13.2,11.5
2810,11.5,6.8
2811,6.8,4.7
2812,4.7,5.2
2813,5.2,6.8
2814,6.8,10.7
2815,10.7,10.1
2816,10.1,10.0
2817,10.0,9.8
2818,9.8,5.5
2819,5.5,13.5
2820,13.5,16.6
2821,16.6,8.4
2822,8.4,8.2
2823,8.2,11.1
2824,11.1,10.8
2825,10.8,8.8
2826,8.8,10.8
2827,10.8,8.7
2828,8.7,12.4
2829,12.4,9.0
2830,9.0,13.5
2831,13.5,14.7
2832,14.7,10.9
2833,10.9,8.5
2834,8.5,6.0
2835,6.0,12.7
2836,12.7,11.1
2837,11.1,8.7
2838,8.7,12.3
2839,12.3,13.3
2840,13.3,5.6
2841,5.6,13.7
2842,13.7,8.5
2843,8.5,11.2
2844,11.2,8.7
2845,8.7,11.7
2846,11.7,12.5
2847,12.5,8.2
2848,8.2,15.6
2849,15.6,10.3
2850,10.3,11.4
2851,11.4,9.7
2852,9.7,6.3
2853,6.3,14.3
2854,14.3,11.3
2855,11.3,7.3
2856,7.3,12.8
2857,12.8,11.9
2858,11.9,14.3
2859,14.3,11.6
2860,11.6,13.2
2861,13.2,15.5
2862,15.5,14.1
2863,14.1,9.5
2864,9.5,7.2
2865,7.2,11.8
2866,11.8,16.8
2867,16.8,12.5
2868,12.5,9.4
2869,9.4,11.9
2870,11.9,10.3
2871,10.3,16.9
2872,16.9,17.5
2873,17.5,7.5
2874,7.5,8.6
2875,8.6,11.1
2876,11.1,11.5
2877,11.5,10.7
2878,10.7,15.7
2879,15.7,12.8
2880,12.8,13.0
2881,13.0,12.9
2882,12.9,14.3
2883,14.3,13.7
2884,13.7,12.1
2885,12.1,11.9
2886,11.9,11.8
2887,11.8,11.4
2888,11.4,10.3
2889,10.3,11.7
2890,11.7,12.0
2891,12.0,17.4
2892,17.4,16.8
2893,16.8,16.2
2894,16.2,13.0
2895,13.0,12.5
2896,12.5,12.4
2897,12.4,16.1
2898,16.1,20.2
2899,20.2,14.3
2900,14.3,11.0
2901,11.0,14.4
2902,14.4,15.7
2903,15.7,19.7
2904,19.7,20.7
2905,20.7,23.9
2906,23.9,16.6
2907,16.6,17.5
2908,17.5,14.9
2909,14.9,13.6
2910,13.6,11.9
2911,11.9,15.2
2912,15.2,17.3
2913,17.3,19.8
2914,19.8,15.8
2915,15.8,9.5
2916,9.5,12.9
2917,12.9,12.9
2918,12.9,14.8
2919,14.8,14.1
2920,14.1,14.3
2921,14.3,17.4
2922,17.4,18.5
2923,18.5,16.8
2924,16.8,11.5
2925,11.5,9.5
2926,9.5,12.2
2927,12.2,15.7
2928,15.7,16.3
2929,16.3,13.6
2930,13.6,12.6
2931,12.6,13.8
2932,13.8,12.1
2933,12.1,13.4
2934,13.4,17.3
2935,17.3,19.4
2936,19.4,16.6
2937,16.6,13.9
2938,13.9,13.1
2939,13.1,16.0
2940,16.0,14.5
2941,14.5,15.0
2942,15.0,12.6
2943,12.6,12.5
2944,12.5,15.2
2945,15.2,16.2
2946,16.2,16.5
2947,16.5,20.1
2948,20.1,20.6
2949,20.6,16.9
2950,16.9,16.5
2951,16.5,16.1
2952,16.1,14.4
2953,14.4,16.3
2954,16.3,15.7
2955,15.7,14.2
2956,14.2,13.2
2957,13.2,16.8
2958,16.8,18.5
2959,18.5,16.7
2960,16.7,15.3
2961,15.3,15.9
2962,15.9,15.2
2963,15.2,17.5
2964,17.5,18.3
2965,18.3,19.4
2966,19.4,19.4
2967,19.4,19.5
2968,19.5,20.5
2969,20.5,15.7
2970,15.7,15.0
2971,15.0,16.1
2972,16.1,14.3
2973,14.3,13.0
2974,13.0,16.2
2975,16.2,17.7
2976,17.7,13.2
2977,13.2,15.8
2978,15.8,18.5
2979,18.5,20.4
2980,20.4,22.0
2981,22.0,19.7
2982,19.7,19.6
2983,19.6,20.3
2984,20.3,18.3
2985,18.3,18.9
2986,18.9,20.3
2987,20.3,21.4
2988,21.4,18.3
2989,18.3,17.8
2990,17.8,17.7
2991,17.7,12.8
2992,12.8,15.1
2993,15.1,15.0
2994,15.0,14.8
2995,14.8,12.0
2996,12.0,12.5
2997,12.5,15.0
2998,15.0,17.1
2999,17.1,17.3
3000,17.3,16.9
3001,16.9,16.5
3002,16.5,13.6
3003,13.6,13.2
3004,13.2,9.4
3005,9.4,9.5
3006,9.5,11.8
3007,11.8,10.4
3008,10.4,9.7
3009,9.7,12.6
3010,12.6,13.3
3011,13.3,15.1
3012,15.1,14.2
3013,14.2,14.2
3014,14.2,19.2
3015,19.2,12.6
3016,12.6,14.2
3017,14.2,11.9
3018,11.9,13.9
3019,13.9,13.5
3020,13.5,15.3
3021,15.3,13.9
3022,13.9,14.0
3023,14.0,12.9
3024,12.9,8.5
3025,8.5,11.4
3026,11.4,10.9
3027,10.9,12.0
3028,12.0,8.6
3029,8.6,9.0
3030,9.0,9.6
3031,9.6,10.2
3032,10.2,9.8
3033,9.8,8.3
3034,8.3,11.0
3035,11.0,11.9
3036,11.9,14.0
3037,14.0,15.8
3038,15.8,14.5
3039,14.5,13.2
3040,13.2,14.2
3041,14.2,14.6
3042,14.6,11.8
3043,11.8,14.4
3044,14.4,10.4
3045,10.4,10.3
3046,10.3,10.8
3047,10.8,10.5
3048,10.5,9.5
3049,9.5,12.5
3050,12.5,13.7
3051,13.7,12.7
3052,12.7,11.9
3053,11.9,11.4
3054,11.4,9.7
3055,9.7,8.3
3056,8.3,8.1
3057,8.1,11.7
3058,11.7,11.6
3059,11.6,7.4
3060,7.4,5.2
3061,5.2,11.0
3062,11.0,9.5
3063,9.5,9.2
3064,9.2,10.7
3065,10.7,9.0
3066,9.0,10.2
3067,10.2,10.3
3068,10.3,12.1
3069,12.1,13.2
3070,13.2,6.6
3071,6.6,2.3
3072,2.3,1.4
3073,1.4,2.1
3074,2.1,6.6
3075,6.6,8.9
3076,8.9,7.8
3077,7.8,9.0
3078,9.0,10.3
3079,10.3,7.9
3080,7.9,7.2
3081,7.2,8.6
3082,8.6,8.8
3083,8.8,6.2
3084,6.2,9.5
3085,9.5,10.2
3086,10.2,9.7
3087,9.7,11.2
3088,11.2,10.2
3089,10.2,10.1
3090,10.1,8.1
3091,8.1,6.6
3092,6.6,5.0
3093,5.0,4.7
3094,4.7,5.3
3095,5.3,4.5
3096,4.5,2.3
3097,2.3,1.4
3098,1.4,0.5
3099,0.5,2.4
3100,2.4,8.0
3101,8.0,6.0
3102,6.0,7.1
3103,7.1,9.7
3104,9.7,6.9
3105,6.9,5.3
3106,5.3,7.0
3107,7.0,6.2
3108,6.2,7.0
3109,7.0,9.7
3110,9.7,8.0
3111,8.0,8.5
3112,8.5,7.1
3113,7.1,7.5
3114,7.5,3.3
3115,3.3,1.8
3116,1.8,2.6
3117,2.6,5.3
3118,5.3,5.8
3119,5.8,5.8
3120,5.8,7.2
3121,7.2,5.3
3122,5.3,1.6
3123,1.6,3.1
3124,3.1,5.3
3125,5.3,7.7
3126,7.7,4.2
3127,4.2,5.5
3128,5.5,9.0
3129,9.0,11.2
3130,11.2,8.0
3131,8.0,7.6
3132,7.6,3.7
3133,3.7,7.5
3134,7.5,8.1
3135,8.1,8.4
3136,8.4,7.1
3137,7.1,7.6
3138,7.6,7.6
3139,7.6,5.6
3140,5.6,7.0
3141,7.0,10.5
3142,10.5,7.3
3143,7.3,7.8
3144,7.8,5.8
3145,5.8,3.8
3146,3.8,5.8
3147,5.8,6.7
3148,6.7,6.6
3149,6.6,6.6
3150,6.6,9.0
3151,9.0,8.1
3152,8.1,5.1
3153,5.1,8.6
3154,8.6,7.0
3155,7.0,5.5
3156,5.5,7.4
3157,7.4,6.2
3158,6.2,4.2
3159,4.2,6.3
3160,6.3,7.0
3161,7.0,4.0
3162,4.0,8.0
3163,8.0,8.8
3164,8.8,8.8
3165,8.8,6.1
3166,6.1,8.6
3167,8.6,8.9
3168,8.9,7.8
3169,7.8,5.0
3170,5.0,7.0
3171,7.0,13.3
3172,13.3,7.9
3173,7.9,7.5
3174,7.5,8.3
3175,8.3,7.2
3176,7.2,6.5
3177,6.5,8.9
3178,8.9,7.4
3179,7.4,9.9
3180,9.9,9.3
3181,9.3,10.6
3182,10.6,8.6
3183,8.6,7.2
3184,7.2,12.6
3185,12.6,7.8
3186,7.8,6.3
3187,6.3,9.2
3188,9.2,5.8
3189,5.8,9.0
3190,9.0,5.0
3191,5.0,11.9
3192,11.9,13.4
3193,13.4,10.5
3194,10.5,6.2
3195,6.2,5.1
3196,5.1,9.5
3197,9.5,11.7
3198,11.7,9.2
3199,9.2,7.3
3200,7.3,9.7
3201,9.7,9.4
3202,9.4,10.0
3203,10.0,10.9
3204,10.9,11.0
3205,11.0,10.9
3206,10.9,8.0
3207,8.0,11.2
3208,11.2,7.5
3209,7.5,7.2
3210,7.2,13.2
3211,13.2,12.9
3212,12.9,9.4
3213,9.4,10.2
3214,10.2,9.5
3215,9.5,12.4
3216,12.4,10.2
3217,10.2,13.4
3218,13.4,11.6
3219,11.6,8.0
3220,8.0,9.0
3221,9.0,9.3
3222,9.3,13.5
3223,13.5,8.0
3224,8.0,8.1
3225,8.1,10.0
3226,10.0,8.5
3227,8.5,12.5
3228,12.5,15.0
3229,15.0,13.3
3230,13.3,11.0
3231,11.0,11.9
3232,11.9,8.3
3233,8.3,9.7
3234,9.7,11.3
3235,11.3,12.5
3236,12.5,9.4
3237,9.4,11.4
3238,11.4,13.2
3239,13.2,13.8
3240,13.8,16.0
3241,16.0,10.9
3242,10.9,11.9
3243,11.9,12.4
3244,12.4,13.2
3245,13.2,15.5
3246,15.5,21.6
3247,21.6,14.9
3248,14.9,14.4
3249,14.4,12.9
3250,12.9,13.1
3251,13.1,14.0
3252,14.0,17.9
3253,17.9,17.7
3254,17.7,16.3
3255,16.3,18.3
3256,18.3,13.7
3257,13.7,13.3
3258,13.3,10.6
3259,10.6,14.1
3260,14.1,16.0
3261,16.0,16.5
3262,16.5,14.1
3263,14.1,18.7
3264,18.7,16.2
3265,16.2,14.8
3266,14.8,12.6
3267,12.6,10.4
3268,10.4,12.2
3269,12.2,12.6
3270,12.6,12.1
3271,12.1,17.3
3272,17.3,16.4
3273,16.4,12.6
3274,12.6,12.3
3275,12.3,11.8
3276,11.8,12.0
3277,12.0,12.7
3278,12.7,16.4
3279,16.4,16.0
3280,16.0,13.3
3281,13.3,11.7
3282,11.7,10.4
3283,10.4,14.4
3284,14.4,12.7
3285,12.7,14.8
3286,14.8,13.3
3287,13.3,15.6
3288,15.6,14.5
3289,14.5,14.3
3290,14.3,15.3
3291,15.3,16.4
3292,16.4,14.8
3293,14.8,17.4
3294,17.4,18.8
3295,18.8,22.1
3296,22.1,19.0
3297,19.0,15.5
3298,15.5,15.8
3299,15.8,14.7
3300,14.7,10.7
3301,10.7,11.5
3302,11.5,15.0
3303,15.0,14.5
3304,14.5,14.5
3305,14.5,13.3
3306,13.3,14.3
3307,14.3,14.3
3308,14.3,20.5
3309,20.5,15.0
3310,15.0,17.1
3311,17.1,16.9
3312,16.9,16.9
3313,16.9,13.6
3314,13.6,16.4
3315,16.4,16.1
3316,16.1,12.0
3317,12.0,12.2
3318,12.2,14.8
3319,14.8,14.8
3320,14.8,14.4
3321,14.4,12.9
3322,12.9,13.4
3323,13.4,15.9
3324,15.9,16.1
3325,16.1,17.6
3326,17.6,15.6
3327,15.6,15.0
3328,15.0,13.0
3329,13.0,14.1
3330,14.1,17.3
3331,17.3,15.7
3332,15.7,18.6
3333,18.6,12.7
3334,12.7,14.0
3335,14.0,13.7
3336,13.7,16.3
3337,16.3,20.0
3338,20.0,17.0
3339,17.0,15.2
3340,15.2,16.5
3341,16.5,16.5
3342,16.5,17.3
3343,17.3,19.1
3344,19.1,19.3
3345,19.3,17.3
3346,17.3,19.0
3347,19.0,19.8
3348,19.8,19.3
3349,19.3,17.2
3350,17.2,14.2
3351,14.2,10.3
3352,10.3,13.0
3353,13.0,15.3
3354,15.3,15.0
3355,15.0,12.1
3356,12.1,9.2
3357,9.2,11.0
3358,11.0,15.0
3359,15.0,11.6
3360,11.6,11.6
3361,11.6,15.1
3362,15.1,15.0
3363,15.0,13.6
3364,13.6,12.5
3365,12.5,14.3
3366,14.3,16.0
3367,16.0,17.4
3368,17.4,16.9
3369,16.9,18.0
3370,18.0,20.6
3371,20.6,14.2
3372,14.2,10.9
3373,10.9,11.9
3374,11.9,13.3
3375,13.3,15.3
3376,15.3,14.7
3377,14.7,11.0
3378,11.0,12.2
3379,12.2,14.2
3380,14.2,17.0
3381,17.0,15.8
3382,15.8,15.2
3383,15.2,15.1
3384,15.1,14.7
3385,14.7,18.5
3386,18.5,16.4
3387,16.4,18.4
3388,18.4,15.1
3389,15.1,9.9
3390,9.9,10.2
3391,10.2,12.6
3392,12.6,13.2
3393,13.2,11.5
3394,11.5,13.8
3395,13.8,14.5
3396,14.5,14.7
3397,14.7,11.2
3398,11.2,12.7
3399,12.7,13.7
3400,13.7,11.5
3401,11.5,10.4
3402,10.4,8.9
3403,8.9,11.1
3404,11.1,9.5
3405,9.5,13.0
3406,13.0,13.9
3407,13.9,12.6
3408,12.6,14.3
3409,14.3,16.0
3410,16.0,13.3
3411,13.3,7.0
3412,7.0,4.9
3413,4.9,6.9
3414,6.9,13.7
3415,13.7,10.6
3416,10.6,12.3
3417,12.3,11.1
3418,11.1,10.2
3419,10.2,9.5
3420,9.5,8.9
3421,8.9,13.4
3422,13.4,9.1
3423,9.1,9.4
3424,9.4,8.7
3425,8.7,5.8
3426,5.8,4.5
3427,4.5,7.2
3428,7.2,10.0
3429,10.0,10.5
3430,10.5,10.7
3431,10.7,8.2
3432,8.2,6.1
3433,6.1,4.5
3434,4.5,6.1
3435,6.1,9.8
3436,9.8,9.7
3437,9.7,8.2
3438,8.2,8.4
3439,8.4,8.5
3440,8.5,10.4
3441,10.4,6.8
3442,6.8,6.0
3443,6.0,6.6
3444,6.6,7.8
3445,7.8,10.3
3446,10.3,7.2
3447,7.2,7.4
3448,7.4,11.4
3449,11.4,5.4
3450,5.4,4.4
3451,4.4,6.4
3452,6.4,9.3
3453,9.3,7.7
3454,7.7,8.1
3455,8.1,8.3
3456,8.3,9.1
3457,9.1,7.7
3458,7.7,10.6
3459,10.6,8.2
3460,8.2,7.9
3461,7.9,5.2
3462,5.2,5.9
3463,5.9,3.7
3464,3.7,5.6
3465,5.6,9.4
3466,9.4,7.4
3467,7.4,7.3
3468,7.3,7.7
3469,7.7,7.7
3470,7.7,9.3
3471,9.3,4.4
3472,4.4,5.7
3473,5.7,10.2
3474,10.2,10.2
3475,10.2,9.3
3476,9.3,5.4
3477,5.4,5.0
3478,5.0,7.6
3479,7.6,9.6
3480,9.6,10.4
3481,10.4,11.2
3482,11.2,9.1
3483,9.1,11.2
3484,11.2,6.8
3485,6.8,8.3
3486,8.3,9.7
3487,9.7,9.6
3488,9.6,9.8
3489,9.8,10.8
3490,10.8,9.2
3491,9.2,6.5
3492,6.5,8.1
3493,8.1,7.3
3494,7.3,7.9
3495,7.9,6.0
3496,6.0,5.0
3497,5.0,6.8
3498,6.8,9.8
3499,9.8,5.7
3500,5.7,8.6
3501,8.6,10.6
3502,10.6,7.8
3503,7.8,7.7
3504,7.7,8.6
3505,8.6,6.5
3506,6.5,6.9
3507,6.9,6.4
3508,6.4,8.5
3509,8.5,7.8
3510,7.8,9.3
3511,9.3,8.4
3512,8.4,7.8
3513,7.8,7.4
3514,7.4,7.7
3515,7.7,8.9
3516,8.9,9.7
3517,9.7,9.9
3518,9.9,6.1
3519,6.1,6.6
3520,6.6,7.6
3521,7.6,7.4
3522,7.4,8.0
3523,8.0,2.1
3524,2.1,5.9
3525,5.9,11.6
3526,11.6,8.6
3527,8.6,7.9
3528,7.9,6.0
3529,6.0,9.5
3530,9.5,8.6
3531,8.6,7.6
3532,7.6,10.4
3533,10.4,10.3
3534,10.3,7.5
3535,7.5,3.0
3536,3.0,5.3
3537,5.3,10.5
3538,10.5,14.6
3539,14.6,12.6
3540,12.6,9.8
3541,9.8,7.2
3542,7.2,10.1
3543,10.1,10.4
3544,10.4,3.7
3545,3.7,7.3
3546,7.3,11.6
3547,11.6,16.3
3548,16.3,9.6
3549,9.6,6.8
3550,6.8,5.2
3551,5.2,10.6
3552,10.6,16.3
3553,16.3,9.8
3554,9.8,4.6
3555,4.6,11.1
3556,11.1,8.7
3557,8.7,10.0
3558,10.0,11.3
3559,11.3,10.5
3560,10.5,9.9
3561,9.9,11.0
3562,11.0,14.0
3563,14.0,9.2
3564,9.2,9.8
3565,9.8,6.0
3566,6.0,9.8
3567,9.8,9.2
3568,9.2,11.8
3569,11.8,10.3
3570,10.3,7.5
3571,7.5,7.7
3572,7.7,15.8
3573,15.8,14.6
3574,14.6,10.5
3575,10.5,11.3
3576,11.3,10.9
3577,10.9,6.4
3578,6.4,10.9
3579,10.9,9.0
3580,9.0,10.9
3581,10.9,12.4
3582,12.4,11.6
3583,11.6,13.3
3584,13.3,14.4
3585,14.4,18.4
3586,18.4,13.6
3587,13.6,14.9
3588,14.9,14.8
3589,14.8,15.4
3590,15.4,11.8
3591,11.8,13.0
3592,13.0,11.1
3593,11.1,12.5
3594,12.5,18.3
3595,18.3,19.2
3596,19.2,15.4
3597,15.4,13.1
3598,13.1,11.5
3599,11.5,8.6
3600,8.6,12.6
3601,12.6,13.8
3602,13.8,14.6
3603,14.6,13.2
3604,13.2,12.3
3605,12.3,8.8
3606,8.8,10.7
3607,10.7,9.9
3608,9.9,8.3
3609,8.3,15.0
3610,15.0,12.2
3611,12.2,10.5
3612,10.5,11.1
3613,11.1,13.0
3614,13.0,12.9
3615,12.9,8.8
3616,8.8,14.7
3617,14.7,14.7
3618,14.7,12.7
3619,12.7,13.3
3620,13.3,13.2
3621,13.2,16.2
3622,16.2,17.3
3623,17.3,20.5
3624,20.5,20.2
3625,20.2,19.4
3626,19.4,15.5
3627,15.5,14.1
3628,14.1,11.0
3629,11.0,11.1
3630,11.1,14.0
3631,14.0,11.4
3632,11.4,12.5
3633,12.5,13.4
3634,13.4,13.6
3635,13.6,13.9
3636,13.9,17.2
3637,17.2,14.7
3638,14.7,15.4
3639,15.4,13.1
3640,13.1,13.2
3641,13.2,13.9
3642,13.9,10.0
3643,10.0,12.9
3644,12.9,14.6
3645,14.6,14.0
3646,14.0,13.6
3647,13.6,13.5
3648,13.5,15.7
3649,15.7,13.0
